,Title,Release Year,Genre,IMDb Page Link
0,Joker,(I) (2019),"
Crime, Drama, Thriller            ",http://www.imdb.com/title/tt7286456/
1,Carnival Row,(2019– ),"
Crime, Drama, Fantasy            ",http://www.imdb.com/title/tt0489974/
2,Mindhunter,(2017– ),"
Crime, Drama, Thriller            ",http://www.imdb.com/title/tt5290382/
3,Peaky Blinders,(2013– ),"
Crime, Drama            ",http://www.imdb.com/title/tt2442560/
4,The Boys,(2019– ),"
Action, Comedy, Crime            ",http://www.imdb.com/title/tt1190634/
5,Hustlers,(2019),"
Comedy, Crime, Drama            ",http://www.imdb.com/title/tt5503686/
6,Money Heist,(2017– ),"
Action, Crime, Mystery            ",http://www.imdb.com/title/tt6468322/
7,Bad Boys for Life,(2020),"
Action, Comedy, Crime            ",http://www.imdb.com/title/tt1502397/
8,Breaking Bad,(2008–2013),"
Crime, Drama, Thriller            ",http://www.imdb.com/title/tt0903747/
9,John Wick: Chapter 3 - Parabellum,(2019),"
Action, Crime, Thriller            ",http://www.imdb.com/title/tt6146586/
10,Orange Is the New Black,(2013–2019),"
Comedy, Crime, Drama            ",http://www.imdb.com/title/tt2372162/
11,Titans,(I) (2018– ),"
Action, Adventure, Crime            ",http://www.imdb.com/title/tt1043813/
12,Lucifer,(2015– ),"
Crime, Drama, Fantasy            ",http://www.imdb.com/title/tt4052886/
13,Power,(I) (2014– ),"
Crime, Drama            ",http://www.imdb.com/title/tt3281796/
14,Dark,(2017– ),"
Crime, Drama, Mystery            ",http://www.imdb.com/title/tt5753856/
15,Veronica Mars,(2004– ),"
Crime, Drama, Mystery            ",http://www.imdb.com/title/tt0412253/
16,Criminal Minds,(2005– ),"
Crime, Drama, Mystery            ",http://www.imdb.com/title/tt0452046/
17,The Sinner,(2017– ),"
Crime, Drama, Mystery            ",http://www.imdb.com/title/tt6048596/
18,Brooklyn Nine-Nine,(2013– ),"
Comedy, Crime            ",http://www.imdb.com/title/tt2467372/
19,Birds of Prey (And the Fantabulous Emancipation of One Harley Quinn),(2020),"
Action, Adventure, Crime            ",http://www.imdb.com/title/tt7713068/
20,A Confession,(2019– ),"
Biography, Crime, Drama            ",http://www.imdb.com/title/tt9131050/
21,Uncut Gems,(2019),"
Comedy, Crime, Drama            ",http://www.imdb.com/title/tt5727208/
22,A Simple Favor,(2018),"
Comedy, Crime, Drama            ",http://www.imdb.com/title/tt7040874/
23,NCIS,(2003– ),"
Action, Crime, Drama            ",http://www.imdb.com/title/tt0364845/
24,Mayans M.C.,(2018– ),"
Crime, Drama, Thriller            ",http://www.imdb.com/title/tt5715524/
25,Bad Times at the El Royale,(2018),"
Crime, Drama, Mystery            ",http://www.imdb.com/title/tt6628394/
26,Law & Order: Special Victims Unit,(1999– ),"
Crime, Drama, Mystery            ",http://www.imdb.com/title/tt0203259/
27,Elite,(2018– ),"
Crime, Drama, Thriller            ",http://www.imdb.com/title/tt7134908/
28,The Capture,(2019– ),"
Crime, Mystery, Thriller            ",http://www.imdb.com/title/tt8201186/
29,The Blacklist,(2013– ),"
Crime, Drama, Mystery            ",http://www.imdb.com/title/tt2741602/
30,The Dark Knight,(2008),"
Action, Crime, Drama            ",http://www.imdb.com/title/tt0468569/
31,Better Call Saul,(2015– ),"
Crime, Drama            ",http://www.imdb.com/title/tt3032476/
32,Big Little Lies,(2017– ),"
Crime, Drama, Mystery            ",http://www.imdb.com/title/tt3920596/
33,The Irishman,(2019),"
Biography, Crime, Drama            ",http://www.imdb.com/title/tt1302006/
34,Sacred Games,(2018– ),"
Action, Crime, Drama            ",http://www.imdb.com/title/tt6077448/
35,Scream: The TV Series,(2015– ),"
Crime, Drama, Horror            ",http://www.imdb.com/title/tt3921180/
36,True Detective,(2014– ),"
Crime, Drama, Mystery            ",http://www.imdb.com/title/tt2356777/
37,Arrow,(2012– ),"
Action, Adventure, Crime            ",http://www.imdb.com/title/tt2193021/
38,Wu Assassins,(2019– ),"
Action, Crime, Drama            ",http://www.imdb.com/title/tt8652642/
39,Midsomer Murders,(1997– ),"
Crime, Drama, Mystery            ",http://www.imdb.com/title/tt0118401/
40,The Hustle,(2019),"
Comedy, Crime            ",http://www.imdb.com/title/tt1298644/
41,Pulp Fiction,(1994),"
Crime, Drama            ",http://www.imdb.com/title/tt0110912/
42,Riverdale,(2017– ),"
Crime, Drama, Mystery            ",http://www.imdb.com/title/tt5420376/
43,Mr. Robot,(2015– ),"
Crime, Drama, Thriller            ",http://www.imdb.com/title/tt4158110/
44,The Sopranos,(1999–2007),"
Crime, Drama            ",http://www.imdb.com/title/tt0141842/
45,Fargo,(2014– ),"
Crime, Drama, Thriller            ",http://www.imdb.com/title/tt2802850/
46,Animal Kingdom,(2016– ),"
Crime, Drama            ",http://www.imdb.com/title/tt5574490/
47,Ozark,(2017– ),"
Crime, Drama, Thriller            ",http://www.imdb.com/title/tt5071412/
48,Sons of Anarchy,(2008–2014),"
Crime, Drama, Thriller            ",http://www.imdb.com/title/tt1124373/
49,Queen of the South,(2016– ),"
Action, Crime, Drama            ",http://www.imdb.com/title/tt1064899/
50,How to Get Away with Murder,(2014– ),"
Crime, Drama, Mystery            ",http://www.imdb.com/title/tt3205802/
51,Pennyworth,(2019– ),"
Action, Crime, Drama            ",http://www.imdb.com/title/tt8425532/
52,Homeland,(2011– ),"
Crime, Drama, Mystery            ",http://www.imdb.com/title/tt1796960/
53,Snowfall,(2017– ),"
Crime, Drama            ",http://www.imdb.com/title/tt6439752/
54,Gotham,(2014–2019),"
Action, Crime, Drama            ",http://www.imdb.com/title/tt3749900/
55,Sherlock,(2010– ),"
Crime, Drama, Mystery            ",http://www.imdb.com/title/tt1475582/
56,Dexter,(2006–2013),"
Crime, Drama, Mystery            ",http://www.imdb.com/title/tt0773262/
57,The Mule,(2018),"
Crime, Drama, Thriller            ",http://www.imdb.com/title/tt7959026/
58,The Wire,(2002–2008),"
Crime, Drama, Thriller            ",http://www.imdb.com/title/tt0306414/
59,Can You Ever Forgive Me?,(2018),"
Biography, Comedy, Crime            ",http://www.imdb.com/title/tt4595882/
60,John Wick,(2014),"
Action, Crime, Thriller            ",http://www.imdb.com/title/tt2911666/
61,Bones,(2005–2017),"
Comedy, Crime, Drama            ",http://www.imdb.com/title/tt0460627/
62,Motherless Brooklyn,(2019),"
Crime, Drama            ",http://www.imdb.com/title/tt0385887/
63,The Hateful Eight,(2015),"
Crime, Drama, Mystery            ",http://www.imdb.com/title/tt3460252/
64,Prison Break,(2005–2017),"
Action, Crime, Drama            ",http://www.imdb.com/title/tt0455275/
65,The Godfather,(1972),"
Crime, Drama            ",http://www.imdb.com/title/tt0068646/
66,Gundala,(2019),"
Action, Crime, Drama            ",http://www.imdb.com/title/tt8237172/
67,iZombie,(2015–2019),"
Comedy, Crime, Drama            ",http://www.imdb.com/title/tt3501584/
68,Taxi Driver,(1976),"
Crime, Drama            ",http://www.imdb.com/title/tt0075314/
69,The Wolf of Wall Street,(2013),"
Biography, Crime, Drama            ",http://www.imdb.com/title/tt0993846/
70,Elementary,(2012–2019),"
Crime, Drama, Mystery            ",http://www.imdb.com/title/tt2191671/
71,Why Women Kill,(2019– ),"
Comedy, Crime, Drama            ",http://www.imdb.com/title/tt9054904/
72,Killers Anonymous,(2019),"
Action, Crime, Mystery            ",http://www.imdb.com/title/tt8400758/
73,Blue Bloods,(2010– ),"
Crime, Drama, Mystery            ",http://www.imdb.com/title/tt1595859/
74,Reservoir Dogs,(1992),"
Crime, Drama, Thriller            ",http://www.imdb.com/title/tt0105236/
75,Chicago P.D.,(2014– ),"
Action, Crime, Drama            ",http://www.imdb.com/title/tt2805096/
76,Barry,(2018– ),"
Comedy, Crime, Drama            ",http://www.imdb.com/title/tt5348176/
77,American Psycho,(2000),"
Crime, Drama            ",http://www.imdb.com/title/tt0144084/
78,John Wick: Chapter 2,(2017),"
Action, Crime, Thriller            ",http://www.imdb.com/title/tt4425200/
79,The Informer,(2019),"
Crime, Drama            ",http://www.imdb.com/title/tt1833116/
80,The X-Files,(1993–2018),"
Crime, Drama, Mystery            ",http://www.imdb.com/title/tt0106179/
81,Narcos,(2015–2017),"
Biography, Crime, Drama            ",http://www.imdb.com/title/tt2707408/
82,Jessica Jones,(2015–2019),"
Action, Crime, Drama            ",http://www.imdb.com/title/tt2357547/
83,Murder Mystery,(2019),"
Action, Comedy, Crime            ",http://www.imdb.com/title/tt1618434/
84,S.W.A.T.,(2017– ),"
Action, Adventure, Crime            ",http://www.imdb.com/title/tt6111130/
85,Bosch,(2014– ),"
Crime, Drama            ",http://www.imdb.com/title/tt3502248/
86,Law & Order,(1990–2010),"
Crime, Drama, Mystery            ",http://www.imdb.com/title/tt0098844/
87,Psych,(2006–2014),"
Comedy, Crime, Mystery            ",http://www.imdb.com/title/tt0491738/
88,NCIS: Los Angeles,(2009– ),"
Action, Crime, Drama            ",http://www.imdb.com/title/tt1378167/
89,The Batman,(2021),"
Action, Crime, Drama            ",http://www.imdb.com/title/tt1877830/
90,13 Geboden,(2017– ),"
Crime, Mystery, Thriller            ",http://www.imdb.com/title/tt5203748/
91,Baywatch,(2017),"
Action, Comedy, Crime            ",http://www.imdb.com/title/tt1469304/
92,Hawaii Five-0,(2010– ),"
Action, Crime, Drama            ",http://www.imdb.com/title/tt1600194/
93,Instinct,(2018– ),"
Crime, Drama, Mystery            ",http://www.imdb.com/title/tt4124758/
94,Knives Out,(2019),"
Comedy, Crime, Drama            ",http://www.imdb.com/title/tt8946378/
95,"Extremely Wicked, Shockingly Evil and Vile",(2019),"
Biography, Crime, Drama            ",http://www.imdb.com/title/tt2481498/
96,Top Boy,(2011– ),"
Crime, Drama, Thriller            ",http://www.imdb.com/title/tt1830379/
97,Batwoman,(2019– ),"
Action, Adventure, Crime            ",http://www.imdb.com/title/tt8712204/
98,Death in Paradise,(2011– ),"
Crime, Drama, Mystery            ",http://www.imdb.com/title/tt1888075/
99,The Outsiders,(1983),"
Crime, Drama            ",http://www.imdb.com/title/tt0086066/
100,The Punisher,(2017–2019),"
Action, Adventure, Crime            ",http://www.imdb.com/title/tt5675620/
101,You,(2018– ),"
Crime, Drama, Romance            ",http://www.imdb.com/title/tt7335184/
102,City on a Hill,(2019– ),"
Crime, Drama, Thriller            ",http://www.imdb.com/title/tt7187044/
103,Justified,(2010–2015),"
Action, Crime, Drama            ",http://www.imdb.com/title/tt1489428/
104,Line of Duty,(2012– ),"
Crime, Drama, Mystery            ",http://www.imdb.com/title/tt2303687/
105,Kill Bill: Vol. 1,(2003),"
Action, Crime, Thriller            ",http://www.imdb.com/title/tt0266697/
106,Baby Driver,(2017),"
Action, Crime, Drama            ",http://www.imdb.com/title/tt3890160/
107,The Green Mile,(1999),"
Crime, Drama, Fantasy            ",http://www.imdb.com/title/tt0120689/
108,Widows,(2018),"
Crime, Drama, Thriller            ",http://www.imdb.com/title/tt4218572/
109,Broadchurch,(2013–2017),"
Crime, Drama, Mystery            ",http://www.imdb.com/title/tt2249364/
110,Bad Boys,(1995),"
Action, Comedy, Crime            ",http://www.imdb.com/title/tt0112442/
111,Ray Donovan,(2013– ),"
Crime, Drama            ",http://www.imdb.com/title/tt2249007/
112,Ghostbusters 2020,(2020),"
Action, Comedy, Crime            ",http://www.imdb.com/title/tt4513678/
113,Daredevil,(2015–2018),"
Action, Crime, Drama            ",http://www.imdb.com/title/tt3322312/
114,Goodfellas,(1990),"
Biography, Crime, Drama            ",http://www.imdb.com/title/tt0099685/
115,BlacKkKlansman,(2018),"
Biography, Crime, Drama            ",http://www.imdb.com/title/tt7349662/
116,Se7en,(1995),"
Crime, Drama, Mystery            ",http://www.imdb.com/title/tt0114369/
117,Zodiac,(2007),"
Crime, Drama, Mystery            ",http://www.imdb.com/title/tt0443706/
118,The King of Comedy,(1982),"
Comedy, Crime, Drama            ",http://www.imdb.com/title/tt0085794/
119,Person of Interest,(2011–2016),"
Action, Crime, Drama            ",http://www.imdb.com/title/tt1839578/
120,The Silence of the Lambs,(1991),"
Crime, Drama, Thriller            ",http://www.imdb.com/title/tt0102926/
121,American Crime Story,(2016– ),"
Biography, Crime, Drama            ",http://www.imdb.com/title/tt2788432/
122,The Departed,(2006),"
Crime, Drama, Thriller            ",http://www.imdb.com/title/tt0407887/
123,Deadwood,(2004–2006),"
Crime, Drama, History            ",http://www.imdb.com/title/tt0348914/
124,Columbo,(1971–2003),"
Crime, Drama, Mystery            ",http://www.imdb.com/title/tt1466074/
125,Wentworth,(2013– ),"
Crime, Drama            ",http://www.imdb.com/title/tt2433738/
126,Jackie Brown,(1997),"
Crime, Drama, Thriller            ",http://www.imdb.com/title/tt0119396/
127,The End of the F***ing World,(2017– ),"
Adventure, Comedy, Crime            ",http://www.imdb.com/title/tt6257970/
128,Léon: The Professional,(1994),"
Action, Crime, Drama            ",http://www.imdb.com/title/tt0110413/
129,Blindspot,(2015– ),"
Action, Crime, Drama            ",http://www.imdb.com/title/tt4474344/
130,The Mentalist,(2008–2015),"
Crime, Drama, Mystery            ",http://www.imdb.com/title/tt1196946/
131,CSI: Crime Scene Investigation,(2000–2015),"
Crime, Drama, Mystery            ",http://www.imdb.com/title/tt0247082/
132,Banshee,(2013–2016),"
Action, Crime, Drama            ",http://www.imdb.com/title/tt2017109/
133,The Americans,(2013–2018),"
Crime, Drama, Mystery            ",http://www.imdb.com/title/tt2149175/
134,Baywatch,(1989–2001),"
Action, Adventure, Crime            ",http://www.imdb.com/title/tt0096542/
135,Sharp Objects,(2018),"
Crime, Drama, Mystery            ",http://www.imdb.com/title/tt2649356/
136,Hannibal,(2013–2015),"
Crime, Drama, Horror            ",http://www.imdb.com/title/tt2243973/
137,The Vanishing,(2018),"
Crime, Mystery, Thriller            ",http://www.imdb.com/title/tt4131496/
138,Lethal Weapon,(2016–2019),"
Action, Comedy, Crime            ",http://www.imdb.com/title/tt5164196/
139,The Kitchen,(2019),"
Action, Crime, Drama            ",http://www.imdb.com/title/tt5822564/
140,Bodyguard,(2018– ),"
Crime, Drama, Thriller            ",http://www.imdb.com/title/tt7493974/
141,From Dusk Till Dawn,(1996),"
Action, Crime, Horror            ",http://www.imdb.com/title/tt0116367/
142,You Were Never Really Here,(2017),"
Crime, Drama, Mystery            ",http://www.imdb.com/title/tt5742374/
143,Twin Peaks,(1990–1991),"
Crime, Drama, Mystery            ",http://www.imdb.com/title/tt0098936/
144,Endeavour,(2012– ),"
Crime, Drama, Mystery            ",http://www.imdb.com/title/tt2701582/
145,The Act,(2019– ),"
Biography, Crime, Drama            ",http://www.imdb.com/title/tt8682948/
146,The Good Wife,(2009–2016),"
Crime, Drama, Mystery            ",http://www.imdb.com/title/tt1442462/
147,Holmes & Watson,(2018),"
Comedy, Crime, Mystery            ",http://www.imdb.com/title/tt1255919/
148,Monk,(2002–2009),"
Comedy, Crime, Drama            ",http://www.imdb.com/title/tt0312172/
149,Fast & Furious 9,(2020),"
Action, Adventure, Crime            ",http://www.imdb.com/title/tt5433138/
150,Prisoners,(2013),"
Crime, Drama, Mystery            ",http://www.imdb.com/title/tt1392214/
151,Bad Boys II,(2003),"
Action, Comedy, Crime            ",http://www.imdb.com/title/tt0172156/
152,Reef Break,(2019– ),"
Crime, Drama            ",http://www.imdb.com/title/tt8892926/
153,West Side Story,(2020),"
Crime, Drama, Musical            ",http://www.imdb.com/title/tt3581652/
154,"Three Billboards Outside Ebbing, Missouri",(2017),"
Crime, Drama            ",http://www.imdb.com/title/tt5027774/
155,The Rookie,(2018– ),"
Crime, Drama            ",http://www.imdb.com/title/tt7587890/
156,Luther,(2010– ),"
Crime, Drama, Mystery            ",http://www.imdb.com/title/tt1474684/
157,Triple Frontier,(2019),"
Action, Adventure, Crime            ",http://www.imdb.com/title/tt1488606/
158,Castle,(2009–2016),"
Comedy, Crime, Drama            ",http://www.imdb.com/title/tt1219024/
159,Mystic River,(2003),"
Crime, Drama, Mystery            ",http://www.imdb.com/title/tt0327056/
160,"Murder, She Wrote",(1984–1996),"
Crime, Drama, Mystery            ",http://www.imdb.com/title/tt0086765/
161,Longmire,(2012–2017),"
Action, Crime, Drama            ",http://www.imdb.com/title/tt1836037/
162,Dick Tracy,(1990),"
Action, Comedy, Crime            ",http://www.imdb.com/title/tt0099422/
163,Perry Mason,(1957–1966),"
Crime, Drama, Mystery            ",http://www.imdb.com/title/tt0050051/
164,Boardwalk Empire,(2010–2014),"
Crime, Drama, History            ",http://www.imdb.com/title/tt0979432/
165,Manhunt: The Unabomber,(2017– ),"
Crime, Drama            ",http://www.imdb.com/title/tt5618256/
166,Gangs of New York,(2002),"
Crime, Drama            ",http://www.imdb.com/title/tt0217505/
167,The Big Lebowski,(1998),"
Comedy, Crime            ",http://www.imdb.com/title/tt0118715/
168,FBI,(2018– ),"
Crime, Drama, Mystery            ",http://www.imdb.com/title/tt7491982/
169,Dragged Across Concrete,(2018),"
Action, Crime, Drama            ",http://www.imdb.com/title/tt6491178/
170,Frontera Verde,(2019– ),"
Crime, Thriller            ",http://www.imdb.com/title/tt9641192/
171,Father Brown,(2013– ),"
Crime, Drama, Mystery            ",http://www.imdb.com/title/tt2215842/
172,The Fall,(I) (2013–2016),"
Crime, Drama, Thriller            ",http://www.imdb.com/title/tt2294189/
173,Article 15,(2019),"
Crime, Drama            ",http://www.imdb.com/title/tt10324144/
174,NCIS: New Orleans,(2014– ),"
Crime, Drama, Mystery            ",http://www.imdb.com/title/tt3560084/
175,JAG,(1995–2005),"
Action, Crime, Drama            ",http://www.imdb.com/title/tt0112022/
176,True Romance,(1993),"
Crime, Drama, Romance            ",http://www.imdb.com/title/tt0108399/
177,Kill Bill: Vol. 2,(2004),"
Action, Crime, Thriller            ",http://www.imdb.com/title/tt0378194/
178,War Dogs,(2016),"
Biography, Comedy, Crime            ",http://www.imdb.com/title/tt2005151/
179,Clue,(1985),"
Comedy, Crime, Mystery            ",http://www.imdb.com/title/tt0088930/
180,A Clockwork Orange,(1971),"
Crime, Drama, Sci-Fi            ",http://www.imdb.com/title/tt0066921/
181,Border,(2018),"
Crime, Drama, Fantasy            ",http://www.imdb.com/title/tt5501104/
182,Sneaky Pete,(2015–2019),"
Crime, Drama            ",http://www.imdb.com/title/tt5011816/
183,Shaft,(2019),"
Action, Comedy, Crime            ",http://www.imdb.com/title/tt4463894/
184,Expo,(2019),"
Action, Crime, Drama            ",http://www.imdb.com/title/tt6830716/
185,24,(2001–2010),"
Action, Crime, Drama            ",http://www.imdb.com/title/tt0285331/
186,Ocean's 8,(2018),"
Action, Comedy, Crime            ",http://www.imdb.com/title/tt5164214/
187,No Country for Old Men,(2007),"
Crime, Drama, Thriller            ",http://www.imdb.com/title/tt0477348/
188,Snatch,(2000),"
Comedy, Crime            ",http://www.imdb.com/title/tt0208092/
189,Polar,(2019),"
Action, Crime, Drama            ",http://www.imdb.com/title/tt4139588/
190,Killerman,(2019),"
Action, Crime, Drama            ",http://www.imdb.com/title/tt7420342/
191,Murdoch Mysteries,(2008– ),"
Crime, Drama, Mystery            ",http://www.imdb.com/title/tt1091909/
192,Good Girls,(2018– ),"
Comedy, Crime, Drama            ",http://www.imdb.com/title/tt6474378/
193,Poirot,(1989–2013),"
Crime, Drama, Mystery            ",http://www.imdb.com/title/tt0094525/
194,The Sisters Brothers,(2018),"
Comedy, Crime, Drama            ",http://www.imdb.com/title/tt4971344/
195,Sicario,(2015),"
Action, Crime, Drama            ",http://www.imdb.com/title/tt3397884/
196,Cold Pursuit,(2019),"
Action, Crime, Drama            ",http://www.imdb.com/title/tt5719748/
197,Gone Baby Gone,(2007),"
Crime, Drama, Mystery            ",http://www.imdb.com/title/tt0452623/
198,Mr Inbetween,(2018– ),"
Crime, Drama            ",http://www.imdb.com/title/tt7472896/
199,Point Break,(1991),"
Action, Crime, Thriller            ",http://www.imdb.com/title/tt0102685/
200,Wind River,(2017),"
Crime, Drama, Mystery            ",http://www.imdb.com/title/tt5362988/
201,Weeds,(2005–2012),"
Comedy, Crime, Drama            ",http://www.imdb.com/title/tt0439100/
202,The Godfather: Part II,(1974),"
Crime, Drama            ",http://www.imdb.com/title/tt0071562/
203,Narcos: Mexico,(2018– ),"
Crime, Drama            ",http://www.imdb.com/title/tt8714904/
204,The Highwaymen,(2019),"
Biography, Crime, Drama            ",http://www.imdb.com/title/tt1860242/
205,Under the Silver Lake,(2018),"
Comedy, Crime, Drama            ",http://www.imdb.com/title/tt5691670/
206,Den of Thieves,(2018),"
Action, Crime, Drama            ",http://www.imdb.com/title/tt1259528/
207,Once Upon a Time in America,(1984),"
Crime, Drama            ",http://www.imdb.com/title/tt0087843/
208,Irréversible,(2002),"
Crime, Drama, Mystery            ",http://www.imdb.com/title/tt0290673/
209,Heat,(1995),"
Crime, Drama, Thriller            ",http://www.imdb.com/title/tt0113277/
210,Skin,(V) (2018),"
Biography, Crime, Drama            ",http://www.imdb.com/title/tt6043142/
211,The Grand Budapest Hotel,(2014),"
Adventure, Comedy, Crime            ",http://www.imdb.com/title/tt2278388/
212,Miss Bala,(2019),"
Action, Crime, Drama            ",http://www.imdb.com/title/tt5941692/
213,Warrior,(2019– ),"
Action, Crime, Drama            ",http://www.imdb.com/title/tt5743796/
214,Young Justice,(2010– ),"
Animation, Action, Adventure            ",http://www.imdb.com/title/tt1641384/
215,The Nice Guys,(2016),"
Action, Comedy, Crime            ",http://www.imdb.com/title/tt3799694/
216,The Girl in the Spider's Web,(2018),"
Action, Crime, Drama            ",http://www.imdb.com/title/tt5177088/
217,The Usual Suspects,(1995),"
Crime, Mystery, Thriller            ",http://www.imdb.com/title/tt0114814/
218,Shetland,(2013– ),"
Crime, Drama, Mystery            ",http://www.imdb.com/title/tt2396135/
219,The Utah Cabin Murders,(2019),"
Crime, Horror            ",http://www.imdb.com/title/tt8585940/
220,Sin City,(2005),"
Crime, Thriller            ",http://www.imdb.com/title/tt0401792/
221,American Made,(2017),"
Action, Biography, Comedy            ",http://www.imdb.com/title/tt3532216/
222,The House That Jack Built,(2018),"
Crime, Drama, Horror            ",http://www.imdb.com/title/tt4003440/
223,The Good Fight,(2017– ),"
Crime, Drama            ",http://www.imdb.com/title/tt5853176/
224,The Girl with the Dragon Tattoo,(2011),"
Crime, Drama, Mystery            ",http://www.imdb.com/title/tt1568346/
225,Good Time,(2017),"
Crime, Drama, Thriller            ",http://www.imdb.com/title/tt4846232/
226,Vera,(2011– ),"
Crime, Drama, Mystery            ",http://www.imdb.com/title/tt1693592/
227,The Blues Brothers,(1980),"
Adventure, Comedy, Crime            ",http://www.imdb.com/title/tt0080455/
228,Ocean's Eleven,(2001),"
Crime, Thriller            ",http://www.imdb.com/title/tt0240772/
229,Catch Me If You Can,(2002),"
Biography, Crime, Drama            ",http://www.imdb.com/title/tt0264464/
230,Escape Plan: The Extractors,(2019),"
Action, Crime, Thriller            ",http://www.imdb.com/title/tt6772804/
231,The Old Man & the Gun,(2018),"
Biography, Comedy, Crime            ",http://www.imdb.com/title/tt2837574/
232,Black Spot,(2017– ),"
Crime, Drama, Mystery            ",http://www.imdb.com/title/tt6519410/
233,The Losers,(I) (2010),"
Action, Adventure, Crime            ",http://www.imdb.com/title/tt0480255/
234,Scarface,(1983),"
Crime, Drama            ",http://www.imdb.com/title/tt0086250/
235,Bright,(I) (2017),"
Action, Crime, Fantasy            ",http://www.imdb.com/title/tt5519340/
236,Molly's Game,(2017),"
Biography, Crime, Drama            ",http://www.imdb.com/title/tt4209788/
237,White Collar,(2009–2014),"
Comedy, Crime, Drama            ",http://www.imdb.com/title/tt1358522/
238,Inherent Vice,(2014),"
Comedy, Crime, Drama            ",http://www.imdb.com/title/tt1791528/
239,Nancy Drew and the Hidden Staircase,(2019),"
Comedy, Crime, Drama            ",http://www.imdb.com/title/tt8323104/
240,A Kiss Before Dying,(1956),"
Crime, Film-Noir, Mystery            ",http://www.imdb.com/title/tt0049414/
241,Spotlight,(I) (2015),"
Biography, Crime, Drama            ",http://www.imdb.com/title/tt1895587/
242,Cape Fear,(1991),"
Crime, Thriller            ",http://www.imdb.com/title/tt0101540/
243,21 Bridges,(2019),"
Action, Crime, Drama            ",http://www.imdb.com/title/tt8688634/
244,"Magnum, P.I.",(1980–1988),"
Action, Adventure, Crime            ",http://www.imdb.com/title/tt0080240/
245,Murder on the Orient Express,(2017),"
Crime, Drama, Mystery            ",http://www.imdb.com/title/tt3402236/
246,Death Wish,(2018),"
Action, Crime, Drama            ",http://www.imdb.com/title/tt1137450/
247,City of God,(2002),"
Crime, Drama            ",http://www.imdb.com/title/tt0317248/
248,Magnum P.I.,(2018– ),"
Action, Adventure, Crime            ",http://www.imdb.com/title/tt7942796/
249,68 Kill,(2017),"
Comedy, Crime, Romance            ",http://www.imdb.com/title/tt5189894/
250,Happy!,(2017–2019),"
Action, Comedy, Crime            ",http://www.imdb.com/title/tt2452242/
251,Bull,(2016– ),"
Comedy, Crime, Drama            ",http://www.imdb.com/title/tt5827228/
252,Silent Witness,(1996– ),"
Crime, Drama, Mystery            ",http://www.imdb.com/title/tt0115355/
253,Heathers,(1988),"
Comedy, Crime            ",http://www.imdb.com/title/tt0097493/
254,Eerie,(2018),"
Crime, Drama, Horror            ",http://www.imdb.com/title/tt8723216/
255,Wanted,(2008),"
Action, Crime, Fantasy            ",http://www.imdb.com/title/tt0493464/
256,Nightcrawler,(2014),"
Crime, Drama, Thriller            ",http://www.imdb.com/title/tt2872718/
257,The Killing,(2011–2014),"
Crime, Drama, Mystery            ",http://www.imdb.com/title/tt1637727/
258,Sicario: Day of the Soldado,(2018),"
Action, Crime, Drama            ",http://www.imdb.com/title/tt5052474/
259,Quantico,(2015–2018),"
Crime, Drama, Mystery            ",http://www.imdb.com/title/tt4428122/
260,Der goldene Handschuh,(2019),"
Crime, Drama, Horror            ",http://www.imdb.com/title/tt7670212/
261,Into the Ashes,(2019),"
Crime, Drama, Mystery            ",http://www.imdb.com/title/tt3138122/
262,Legend,(I) (2015),"
Biography, Crime, Drama            ",http://www.imdb.com/title/tt3569230/
263,The Longest Yard,(2005),"
Comedy, Crime, Sport            ",http://www.imdb.com/title/tt0398165/
264,The Lincoln Lawyer,(2011),"
Crime, Drama, Thriller            ",http://www.imdb.com/title/tt1189340/
265,Training Day,(2001),"
Crime, Drama, Thriller            ",http://www.imdb.com/title/tt0139654/
266,The Hate U Give,(2018),"
Crime, Drama            ",http://www.imdb.com/title/tt5580266/
267,Twin Peaks,(2017),"
Crime, Drama, Fantasy            ",http://www.imdb.com/title/tt4093826/
268,American Hustle,(2013),"
Crime, Drama            ",http://www.imdb.com/title/tt1800241/
269,CSI: Miami,(2002–2012),"
Action, Crime, Drama            ",http://www.imdb.com/title/tt0313043/
270,Butch Cassidy and the Sundance Kid,(1969),"
Biography, Crime, Drama            ",http://www.imdb.com/title/tt0064115/
271,Town Without Pity,(1961),"
Crime, Drama            ",http://www.imdb.com/title/tt0055539/
272,Absentia,(2017– ),"
Crime, Drama, Mystery            ",http://www.imdb.com/title/tt6794990/
273,Prodigal Son,(2019– ),"
Crime, Drama            ",http://www.imdb.com/title/tt10327354/
274,The Invisible Guest,(2016),"
Crime, Mystery, Thriller            ",http://www.imdb.com/title/tt4857264/
275,Gomorra: La serie,(2014– ),"
Crime, Drama, Thriller            ",http://www.imdb.com/title/tt2049116/
276,Drive,(I) (2011),"
Crime, Drama            ",http://www.imdb.com/title/tt0780504/
277,The Girl on the Train,(I) (2016),"
Crime, Drama, Mystery            ",http://www.imdb.com/title/tt3631112/
278,Casino,(1995),"
Crime, Drama            ",http://www.imdb.com/title/tt0112641/
279,Kick-Ass,(2010),"
Action, Adventure, Comedy            ",http://www.imdb.com/title/tt1250777/
280,Veronica Mars,(2014),"
Crime, Drama, Mystery            ",http://www.imdb.com/title/tt2771372/
281,Criminal,(2019– ),"
Crime, Drama            ",http://www.imdb.com/title/tt9348692/
282,Game Night,(I) (2018),"
Action, Comedy, Crime            ",http://www.imdb.com/title/tt2704998/
283,The Fast and the Furious,(2001),"
Action, Crime, Thriller            ",http://www.imdb.com/title/tt0232500/
284,The Equalizer 2,(2018),"
Action, Crime, Thriller            ",http://www.imdb.com/title/tt3766354/
285,Logan Lucky,(2017),"
Comedy, Crime, Drama            ",http://www.imdb.com/title/tt5439796/
286,Law & Order: Criminal Intent,(2001–2011),"
Crime, Drama, Mystery            ",http://www.imdb.com/title/tt0275140/
287,The Equalizer,(2014),"
Action, Crime, Thriller            ",http://www.imdb.com/title/tt0455944/
288,The Closer,(2005–2012),"
Crime, Drama, Mystery            ",http://www.imdb.com/title/tt0458253/
289,Haven,(2010–2015),"
Crime, Drama, Fantasy            ",http://www.imdb.com/title/tt1519931/
290,Sherlock Holmes,(2009),"
Action, Adventure, Crime            ",http://www.imdb.com/title/tt0988045/
291,The Accountant,(2016),"
Action, Crime, Drama            ",http://www.imdb.com/title/tt2140479/
292,John Wick: Chapter 4,(2021),"
Action, Crime, Thriller            ",http://www.imdb.com/title/tt10366206/
293,In Bruges,(2008),"
Comedy, Crime, Drama            ",http://www.imdb.com/title/tt0780536/
294,Running with the Devil,(2019),"
Crime, Drama, Thriller            ",http://www.imdb.com/title/tt5792656/
295,Trailer Park Boys,(2001–2018),"
Comedy, Crime            ",http://www.imdb.com/title/tt0290988/
296,The Town,(2010),"
Crime, Drama, Thriller            ",http://www.imdb.com/title/tt0840361/
297,Fargo,(1996),"
Crime, Drama, Thriller            ",http://www.imdb.com/title/tt0116282/
298,L.A.'s Finest,(2019– ),"
Action, Comedy, Crime            ",http://www.imdb.com/title/tt7555294/
299,Spring Breakers,(2012),"
Crime, Drama            ",http://www.imdb.com/title/tt2101441/
300,Too Old to Die Young,(2019),"
Crime, Drama, Thriller            ",http://www.imdb.com/title/tt6517320/
301,Mirzapur,(2018– ),"
Action, Crime, Drama            ",http://www.imdb.com/title/tt6473300/
302,We're the Millers,(2013),"
Comedy, Crime            ",http://www.imdb.com/title/tt1723121/
303,Boston Legal,(2004–2008),"
Comedy, Crime, Drama            ",http://www.imdb.com/title/tt0402711/
304,21 Jump Street,(2012),"
Action, Comedy, Crime            ",http://www.imdb.com/title/tt1232829/
305,La Reina del Sur,(2011–2019),"
Action, Crime, Drama            ",http://www.imdb.com/title/tt1704637/
306,Blow,(2001),"
Biography, Crime, Drama            ",http://www.imdb.com/title/tt0221027/
307,In Time,(2011),"
Action, Crime, Sci-Fi            ",http://www.imdb.com/title/tt1637688/
308,Den som dræber - Fanget af mørket,(2019– ),"
Crime, Thriller            ",http://www.imdb.com/title/tt9466596/
309,Minority Report,(2002),"
Action, Crime, Mystery            ",http://www.imdb.com/title/tt0181689/
310,Law Abiding Citizen,(2009),"
Action, Crime, Drama            ",http://www.imdb.com/title/tt1197624/
311,Jett,(2019– ),"
Crime, Drama, Thriller            ",http://www.imdb.com/title/tt8594276/
312,The Night Of,(2016),"
Crime, Drama            ",http://www.imdb.com/title/tt2401256/
313,Assassination Nation,(2018),"
Action, Comedy, Crime            ",http://www.imdb.com/title/tt6205872/
314,Escape at Dannemora,(2018),"
Biography, Crime, Drama            ",http://www.imdb.com/title/tt6866266/
315,True Story,(I) (2015),"
Crime, Drama, Mystery            ",http://www.imdb.com/title/tt2273657/
316,Natural Born Killers,(1994),"
Crime, Drama            ",http://www.imdb.com/title/tt0110632/
317,Top of the Lake,(2013– ),"
Crime, Drama, Mystery            ",http://www.imdb.com/title/tt2103085/
318,I Am the Night,(2019),"
Crime, Drama, Mystery            ",http://www.imdb.com/title/tt7186588/
319,Horrible Bosses,(2011),"
Comedy, Crime            ",http://www.imdb.com/title/tt1499658/
320,Zootopia,(2016),"
Animation, Adventure, Comedy            ",http://www.imdb.com/title/tt2948356/
321,The Warriors,(1979),"
Action, Crime, Thriller            ",http://www.imdb.com/title/tt0080120/
322,Death Note,(2006–2007),"
Animation, Crime, Drama            ",http://www.imdb.com/title/tt0877057/
323,Destroyer,(2018),"
Action, Crime, Drama            ",http://www.imdb.com/title/tt7137380/
324,The Shield,(2002–2008),"
Crime, Drama, Thriller            ",http://www.imdb.com/title/tt0286486/
325,Happy Valley,(2014– ),"
Crime, Drama            ",http://www.imdb.com/title/tt3428912/
326,1922,(2017),"
Crime, Drama, Horror            ",http://www.imdb.com/title/tt6214928/
327,The Mask,(1994),"
Comedy, Crime, Fantasy            ",http://www.imdb.com/title/tt0110475/
328,Iron Fist,(2017–2018),"
Action, Adventure, Crime            ",http://www.imdb.com/title/tt3322310/
329,Looper,(2012),"
Action, Crime, Drama            ",http://www.imdb.com/title/tt1276104/
330,Burn Notice,(2007–2013),"
Action, Crime, Drama            ",http://www.imdb.com/title/tt0810788/
331,Sin City: A Dame to Kill For,(2014),"
Action, Crime, Thriller            ",http://www.imdb.com/title/tt0458481/
332,Man on Fire,(2004),"
Action, Crime, Drama            ",http://www.imdb.com/title/tt0328107/
333,Don't Breathe,(2016),"
Crime, Horror, Thriller            ",http://www.imdb.com/title/tt4160708/
334,Mean Streets,(1973),"
Crime, Drama, Thriller            ",http://www.imdb.com/title/tt0070379/
335,NYPD Blue,(1993–2005),"
Crime, Drama, Mystery            ",http://www.imdb.com/title/tt0106079/
336,Batman Returns,(1992),"
Action, Crime, Fantasy            ",http://www.imdb.com/title/tt0103776/
337,Crash,(I) (2004),"
Crime, Drama, Thriller            ",http://www.imdb.com/title/tt0375679/
338,Private Eyes,(2016– ),"
Comedy, Crime, Drama            ",http://www.imdb.com/title/tt5722298/
339,"Lock, Stock and Two Smoking Barrels",(1998),"
Comedy, Crime            ",http://www.imdb.com/title/tt0120735/
340,Oz,(1997–2003),"
Crime, Drama, Thriller            ",http://www.imdb.com/title/tt0118421/
341,Papillon,(I) (2017),"
Adventure, Biography, Crime            ",http://www.imdb.com/title/tt5093026/
342,Hell or High Water,(II) (2016),"
Action, Crime, Drama            ",http://www.imdb.com/title/tt2582782/
343,Bron/Broen,(2011–2018),"
Crime, Mystery, Thriller            ",http://www.imdb.com/title/tt1733785/
344,Diagnosis Murder,(1993–2001),"
Crime, Mystery, Drama            ",http://www.imdb.com/title/tt0105986/
345,RoboCop,(1987),"
Action, Crime, Sci-Fi            ",http://www.imdb.com/title/tt0093870/
346,Marcella,(2016– ),"
Crime, Drama, Mystery            ",http://www.imdb.com/title/tt5269594/
347,Miss Fisher's Murder Mysteries,(2012– ),"
Crime, Drama, Mystery            ",http://www.imdb.com/title/tt1988386/
348,Grantchester,(2014– ),"
Crime, Drama, Mystery            ",http://www.imdb.com/title/tt3747572/
349,Tin Star,(2017– ),"
Crime, Drama, Thriller            ",http://www.imdb.com/title/tt4607112/
350,The Night Manager,(2016– ),"
Crime, Drama, Mystery            ",http://www.imdb.com/title/tt1399664/
351,White Boy Rick,(2018),"
Crime, Drama            ",http://www.imdb.com/title/tt4537896/
352,The Other Guys,(2010),"
Action, Comedy, Crime            ",http://www.imdb.com/title/tt1386588/
353,Scorpion,(2014–2018),"
Action, Crime, Drama            ",http://www.imdb.com/title/tt3514324/
354,The Snowman,(2017),"
Crime, Drama, Mystery            ",http://www.imdb.com/title/tt1758810/
355,Shameless,(2004–2013),"
Comedy, Crime, Drama            ",http://www.imdb.com/title/tt0377260/
356,Spy,(2015),"
Action, Comedy, Crime            ",http://www.imdb.com/title/tt3079380/
357,Bad Blood,(2017– ),"
Crime, Drama            ",http://www.imdb.com/title/tt6423364/
358,Mr. & Mrs. Smith,(2005),"
Action, Comedy, Crime            ",http://www.imdb.com/title/tt0356910/
359,Hotel Artemis,(2018),"
Action, Crime, Drama            ",http://www.imdb.com/title/tt5834262/
360,C.B. Strike,(2017– ),"
Crime, Drama, Mystery            ",http://www.imdb.com/title/tt4276618/
361,Unforgotten,(2015– ),"
Crime, Drama, Mystery            ",http://www.imdb.com/title/tt4192812/
362,Ripper Street,(2012–2016),"
Crime, Drama, Mystery            ",http://www.imdb.com/title/tt2183641/
363,Charlie's Angels,(1976–1981),"
Action, Adventure, Crime            ",http://www.imdb.com/title/tt0073972/
364,White Chicks,(2004),"
Comedy, Crime            ",http://www.imdb.com/title/tt0381707/
365,Starred Up,(2013),"
Crime, Drama            ",http://www.imdb.com/title/tt2567712/
366,True History of the Kelly Gang,(2019),"
Action, Biography, Crime            ",http://www.imdb.com/title/tt4844140/
367,Point Blank,(2019),"
Action, Crime, Thriller            ",http://www.imdb.com/title/tt2499472/
368,Charlie's Angels,(2000),"
Action, Adventure, Comedy            ",http://www.imdb.com/title/tt0160127/
369,Pineapple Express,(2008),"
Action, Comedy, Crime            ",http://www.imdb.com/title/tt0910936/
370,Now You See Me,(I) (2013),"
Crime, Mystery, Thriller            ",http://www.imdb.com/title/tt1670345/
371,The Punisher,(2004),"
Action, Crime, Drama            ",http://www.imdb.com/title/tt0330793/
372,Luke Cage,(2016–2018),"
Action, Crime, Drama            ",http://www.imdb.com/title/tt3322314/
373,Inferno,(I) (2016),"
Action, Adventure, Crime            ",http://www.imdb.com/title/tt3062096/
374,The Rainmaker,(1997),"
Crime, Drama, Thriller            ",http://www.imdb.com/title/tt0119978/
375,Road to Perdition,(2002),"
Crime, Drama, Thriller            ",http://www.imdb.com/title/tt0257044/
376,London Fields,(2018),"
Crime, Mystery, Thriller            ",http://www.imdb.com/title/tt1273221/
377,Panic Room,(2002),"
Crime, Drama, Thriller            ",http://www.imdb.com/title/tt0258000/
378,The Untouchables,(1987),"
Crime, Drama, Thriller            ",http://www.imdb.com/title/tt0094226/
379,The Place Beyond the Pines,(2012),"
Crime, Drama, Thriller            ",http://www.imdb.com/title/tt1817273/
380,CSI: NY,(2004–2013),"
Action, Crime, Drama            ",http://www.imdb.com/title/tt0395843/
381,Hannibal,(2001),"
Crime, Drama, Thriller            ",http://www.imdb.com/title/tt0212985/
382,The Missing,(2014– ),"
Crime, Drama, Mystery            ",http://www.imdb.com/title/tt3877200/
383,Chicago,(2002),"
Comedy, Crime, Musical            ",http://www.imdb.com/title/tt0299658/
384,Andhadhun,(2018),"
Crime, Thriller            ",http://www.imdb.com/title/tt8108198/
385,Dog Day Afternoon,(1975),"
Biography, Crime, Drama            ",http://www.imdb.com/title/tt0072890/
386,Rizzoli & Isles,(2010–2016),"
Crime, Drama, Mystery            ",http://www.imdb.com/title/tt1551632/
387,The Talented Mr. Ripley,(1999),"
Crime, Drama, Thriller            ",http://www.imdb.com/title/tt0134119/
388,Jack Reacher,(2012),"
Action, Crime, Thriller            ",http://www.imdb.com/title/tt0790724/
389,Stuber,(2019),"
Action, Comedy, Crime            ",http://www.imdb.com/title/tt7734218/
390,Shot Caller,(2017),"
Crime, Drama, Thriller            ",http://www.imdb.com/title/tt4633690/
391,The Woman in the Window,(2020),"
Crime, Drama, Mystery            ",http://www.imdb.com/title/tt6111574/
392,Lawless,(2012),"
Crime, Drama            ",http://www.imdb.com/title/tt1212450/
393,Badla,(2019),"
Crime, Drama, Mystery            ",http://www.imdb.com/title/tt8130968/
394,Con Air,(1997),"
Action, Crime, Thriller            ",http://www.imdb.com/title/tt0118880/
395,L.A. Confidential,(1997),"
Crime, Drama, Mystery            ",http://www.imdb.com/title/tt0119488/
396,American Gangster,(2007),"
Biography, Crime, Drama            ",http://www.imdb.com/title/tt0765429/
397,The Truth About the Harry Quebert Affair,(2018– ),"
Crime, Drama            ",http://www.imdb.com/title/tt7134194/
398,The Godfather: Part III,(1990),"
Crime, Drama            ",http://www.imdb.com/title/tt0099674/
399,Inspector Lewis,(2006–2015),"
Crime, Drama, Mystery            ",http://www.imdb.com/title/tt0874608/
400,The Taking of Pelham 123,(2009),"
Action, Crime, Thriller            ",http://www.imdb.com/title/tt1111422/
401,Shoplifters,(2018),"
Crime, Drama            ",http://www.imdb.com/title/tt8075192/
402,Babylon Berlin,(2017– ),"
Crime, Drama, Thriller            ",http://www.imdb.com/title/tt4378376/
403,Gangster Squad,(2013),"
Action, Crime, Drama            ",http://www.imdb.com/title/tt1321870/
404,Leverage,(2008–2012),"
Crime, Mystery, Thriller            ",http://www.imdb.com/title/tt1103987/
405,The Next Three Days,(2010),"
Action, Crime, Drama            ",http://www.imdb.com/title/tt1458175/
406,Ocean's Thirteen,(2007),"
Crime, Thriller            ",http://www.imdb.com/title/tt0496806/
407,Monster,(2003),"
Biography, Crime, Drama            ",http://www.imdb.com/title/tt0340855/
408,Memories of Murder,(2003),"
Action, Crime, Drama            ",http://www.imdb.com/title/tt0353969/
409,Red Dragon,(2002),"
Crime, Drama, Thriller            ",http://www.imdb.com/title/tt0289765/
410,Charlie Says,(2018),"
Biography, Crime, Drama            ",http://www.imdb.com/title/tt1759744/
411,Kick-Ass 2,(2013),"
Action, Adventure, Comedy            ",http://www.imdb.com/title/tt1650554/
412,Kama Sutra: A Tale of Love,(1996),"
Crime, Drama, History            ",http://www.imdb.com/title/tt0116743/
413,The Italian Job,(2003),"
Action, Crime, Thriller            ",http://www.imdb.com/title/tt0317740/
414,RED,(2010),"
Action, Comedy, Crime            ",http://www.imdb.com/title/tt1245526/
415,From Dusk Till Dawn: The Series,(2014–2016),"
Action, Crime, Horror            ",http://www.imdb.com/title/tt3337194/
416,Sherlock Holmes: A Game of Shadows,(2011),"
Action, Adventure, Crime            ",http://www.imdb.com/title/tt1515091/
417,The Fast and the Furious: Tokyo Drift,(2006),"
Action, Crime, Thriller            ",http://www.imdb.com/title/tt0463985/
418,Inspector Morse,(1987–2000),"
Crime, Drama, Mystery            ",http://www.imdb.com/title/tt0092379/
419,Burn After Reading,(2008),"
Comedy, Crime, Drama            ",http://www.imdb.com/title/tt0887883/
420,Nikita,(2010–2013),"
Action, Crime, Drama            ",http://www.imdb.com/title/tt1592154/
421,Primal Fear,(1996),"
Crime, Drama, Mystery            ",http://www.imdb.com/title/tt0117381/
422,The A-Team,(1983–1987),"
Action, Adventure, Crime            ",http://www.imdb.com/title/tt0084967/
423,3:10 to Yuma,(2007),"
Action, Crime, Drama            ",http://www.imdb.com/title/tt0381849/
424,Batman,(1966–1968),"
Action, Adventure, Comedy            ",http://www.imdb.com/title/tt0059968/
425,Blackboard Jungle,(1955),"
Crime, Drama            ",http://www.imdb.com/title/tt0047885/
426,Dredd,(2012),"
Action, Crime, Sci-Fi            ",http://www.imdb.com/title/tt1343727/
427,Weekend at Bernie's,(1989),"
Adventure, Comedy, Crime            ",http://www.imdb.com/title/tt0098627/
428,Red Dead Redemption II,(2018 Video Game),"
Action, Adventure, Crime            ",http://www.imdb.com/title/tt6161168/
429,General Hospital,(1963– ),"
Crime, Drama, Romance            ",http://www.imdb.com/title/tt0056758/
430,Hinterland,(2013– ),"
Crime, Drama, Mystery            ",http://www.imdb.com/title/tt2575968/
431,Face/Off,(1997),"
Action, Crime, Sci-Fi            ",http://www.imdb.com/title/tt0119094/
432,The Hangover Part III,(2013),"
Comedy, Crime            ",http://www.imdb.com/title/tt1951261/
433,Limetown,(2019– ),"
Crime            ",http://www.imdb.com/title/tt9103772/
434,Ocean's Twelve,(2004),"
Crime, Thriller            ",http://www.imdb.com/title/tt0349903/
435,Fracture,(2007),"
Crime, Drama            ",http://www.imdb.com/title/tt0488120/
436,A Vigilante,(2018),"
Crime, Drama, Mystery            ",http://www.imdb.com/title/tt6211976/
437,Kindergarten Cop,(1990),"
Comedy, Crime            ",http://www.imdb.com/title/tt0099938/
438,Miami Vice,(1984–1989),"
Action, Crime, Drama            ",http://www.imdb.com/title/tt0086759/
439,Public Enemies,(2009),"
Biography, Crime, Drama            ",http://www.imdb.com/title/tt1152836/
440,Criminal,(2016),"
Action, Crime, Drama            ",http://www.imdb.com/title/tt3014866/
441,Thelma & Louise,(1991),"
Adventure, Crime, Drama            ",http://www.imdb.com/title/tt0103074/
442,A Nightmare on Elm Street,(2010),"
Crime, Drama, Horror            ",http://www.imdb.com/title/tt1179056/
443,Gran Hotel,(2011–2013),"
Crime, Drama, Mystery            ",http://www.imdb.com/title/tt2006421/
444,Suburbicon,(2017),"
Comedy, Crime, Drama            ",http://www.imdb.com/title/tt0491175/
445,Starsky & Hutch,(2004),"
Comedy, Crime            ",http://www.imdb.com/title/tt0335438/
446,Live by Night,(2016),"
Action, Crime, Drama            ",http://www.imdb.com/title/tt2361317/
447,The Gulf,(2019– ),"
Crime            ",http://www.imdb.com/title/tt9855482/
448,Lolita,(1962),"
Crime, Drama, Romance            ",http://www.imdb.com/title/tt0056193/
449,Smokin' Aces,(2006),"
Action, Crime, Drama            ",http://www.imdb.com/title/tt0475394/
450,Cold Case,(2003–2010),"
Crime, Drama, Mystery            ",http://www.imdb.com/title/tt0368479/
451,The Guilty,(2018),"
Crime, Drama, Thriller            ",http://www.imdb.com/title/tt6742252/
452,Numb3rs,(2005–2010),"
Crime, Drama, Mystery            ",http://www.imdb.com/title/tt0433309/
453,"I, Robot",(2004),"
Action, Crime, Drama            ",http://www.imdb.com/title/tt0343818/
454,Focus,(II) (2015),"
Comedy, Crime, Drama            ",http://www.imdb.com/title/tt2381941/
455,Matlock,(1986–1995),"
Crime, Drama, Mystery            ",http://www.imdb.com/title/tt0090481/
456,The Tourist,(I) (2010),"
Action, Adventure, Crime            ",http://www.imdb.com/title/tt1243957/
457,The Happytime Murders,(2018),"
Action, Comedy, Crime            ",http://www.imdb.com/title/tt1308728/
458,Daredevil,(2003),"
Action, Crime            ",http://www.imdb.com/title/tt0287978/
459,Cyberpunk 2077,(2020 Video Game),"
Action, Adventure, Crime            ",http://www.imdb.com/title/tt3810192/
460,Lethal Weapon,(1987),"
Action, Crime, Thriller            ",http://www.imdb.com/title/tt0093409/
461,Dogville,(2003),"
Crime, Drama            ",http://www.imdb.com/title/tt0276919/
462,The House,(I) (2017),"
Comedy, Crime            ",http://www.imdb.com/title/tt4481514/
463,RED 2,(2013),"
Action, Comedy, Crime            ",http://www.imdb.com/title/tt1821694/
464,The Girl Next Door,(2007),"
Crime, Drama, Horror            ",http://www.imdb.com/title/tt0830558/
465,Horns,(2013),"
Crime, Drama, Fantasy            ",http://www.imdb.com/title/tt1528071/
466,West Side Story,(1961),"
Crime, Drama, Musical            ",http://www.imdb.com/title/tt0055614/
467,The Following,(2013–2015),"
Crime, Drama, Horror            ",http://www.imdb.com/title/tt2071645/
468,Point Break,(2015),"
Action, Crime, Sport            ",http://www.imdb.com/title/tt2058673/
469,Chappie,(2015),"
Action, Crime, Drama            ",http://www.imdb.com/title/tt1823672/
470,The Crying Game,(1992),"
Crime, Drama, Romance            ",http://www.imdb.com/title/tt0104036/
471,Kill Bill: The Whole Bloody Affair,(2011),"
Action, Crime, Thriller            ",http://www.imdb.com/title/tt6019206/
472,Detroit,(2017),"
Crime, Drama, History            ",http://www.imdb.com/title/tt5390504/
473,Everybody Knows,(2018),"
Crime, Drama, Mystery            ",http://www.imdb.com/title/tt4964788/
474,Tango & Cash,(1989),"
Action, Comedy, Crime            ",http://www.imdb.com/title/tt0098439/
475,Once Upon a Time in Mexico,(2003),"
Action, Crime, Thriller            ",http://www.imdb.com/title/tt0285823/
476,Central Intelligence,(2016),"
Action, Comedy, Crime            ",http://www.imdb.com/title/tt1489889/
477,Imposters,(2017– ),"
Comedy, Crime, Drama            ",http://www.imdb.com/title/tt5212822/
478,Covert Affairs,(2010–2014),"
Action, Crime, Drama            ",http://www.imdb.com/title/tt1495708/
479,Beverly Hills Cop,(1984),"
Action, Comedy, Crime            ",http://www.imdb.com/title/tt0086960/
480,No Way Out,(1950),"
Crime, Drama, Film-Noir            ",http://www.imdb.com/title/tt0042792/
481,What Happened to Monday,(2017),"
Action, Crime, Drama            ",http://www.imdb.com/title/tt1536537/
482,Gotti,(2018),"
Biography, Crime, Drama            ",http://www.imdb.com/title/tt1801552/
483,Foyle's War,(2002–2015),"
Crime, Drama, Mystery            ",http://www.imdb.com/title/tt0310455/
484,Death Note,(I) (2017),"
Adventure, Crime, Drama            ",http://www.imdb.com/title/tt1241317/
485,The Fugitive,(1993),"
Action, Crime, Drama            ",http://www.imdb.com/title/tt0106977/
486,The Judge,(2014),"
Crime, Drama            ",http://www.imdb.com/title/tt1872194/
487,Escape Plan 2: Hades,(2018),"
Action, Crime, Mystery            ",http://www.imdb.com/title/tt6513656/
488,The Girl with the Dragon Tattoo,(2009),"
Crime, Drama, Mystery            ",http://www.imdb.com/title/tt1132620/
489,Limitless,(2015–2016),"
Comedy, Crime, Drama            ",http://www.imdb.com/title/tt4422836/
490,22 Jump Street,(2014),"
Action, Comedy, Crime            ",http://www.imdb.com/title/tt2294449/
491,Metri Shesh Va Nim,(2019),"
Crime, Drama, Thriller            ",http://www.imdb.com/title/tt9817070/
492,Scarface,(1932),"
Action, Crime, Drama            ",http://www.imdb.com/title/tt0023427/
493,Manhunter,(1986),"
Crime, Horror, Mystery            ",http://www.imdb.com/title/tt0091474/
494,Aquarius,(2015–2016),"
Biography, Crime, Drama            ",http://www.imdb.com/title/tt3768572/
495,Republic of Doyle,(2010–2014),"
Comedy, Crime, Drama            ",http://www.imdb.com/title/tt1297754/
496,Badlands,(1973),"
Crime, Drama            ",http://www.imdb.com/title/tt0069762/
497,Siberia,(2018),"
Crime, Romance, Thriller            ",http://www.imdb.com/title/tt6494418/
498,Side Effects,(I) (2013),"
Crime, Drama, Mystery            ",http://www.imdb.com/title/tt2053463/
499,Wild Things,(1998),"
Crime, Drama, Mystery            ",http://www.imdb.com/title/tt0120890/
500,Inside Man,(2006),"
Crime, Drama, Mystery            ",http://www.imdb.com/title/tt0454848/
501,A Time to Kill,(1996),"
Crime, Drama, Thriller            ",http://www.imdb.com/title/tt0117913/
502,Hawkeye,(2021– ),"
Action, Adventure, Crime            ",http://www.imdb.com/title/tt10160804/
503,Sleepers,(1996),"
Crime, Drama, Thriller            ",http://www.imdb.com/title/tt0117665/
504,Demolition Man,(1993),"
Action, Crime, Sci-Fi            ",http://www.imdb.com/title/tt0106697/
505,The Assassination of Jesse James by the Coward Robert Ford,(2007),"
Biography, Crime, Drama            ",http://www.imdb.com/title/tt0443680/
506,"O Brother, Where Art Thou?",(2000),"
Adventure, Comedy, Crime            ",http://www.imdb.com/title/tt0190590/
507,Out of Sight,(1998),"
Comedy, Crime, Drama            ",http://www.imdb.com/title/tt0120780/
508,Now You See Me 2,(2016),"
Action, Adventure, Comedy            ",http://www.imdb.com/title/tt3110958/
509,Collateral,(2004),"
Crime, Drama, Thriller            ",http://www.imdb.com/title/tt0369339/
510,Thoroughbreds,(2017),"
Comedy, Crime, Drama            ",http://www.imdb.com/title/tt5649108/
511,Lie to Me,(2009–2011),"
Crime, Drama, Mystery            ",http://www.imdb.com/title/tt1235099/
512,Traffic,(2000),"
Crime, Drama, Thriller            ",http://www.imdb.com/title/tt0181865/
513,Step Up,(2006),"
Crime, Drama, Music            ",http://www.imdb.com/title/tt0462590/
514,The Borgias,(2011–2013),"
Crime, Drama, History            ",http://www.imdb.com/title/tt1582457/
515,EastEnders,(1985– ),"
Crime, Drama, Romance            ",http://www.imdb.com/title/tt0088512/
516,StartUp,(2016– ),"
Crime, Thriller            ",http://www.imdb.com/title/tt5028002/
517,Falling Down,(1993),"
Crime, Drama, Thriller            ",http://www.imdb.com/title/tt0106856/
518,The Defenders,(2017),"
Action, Adventure, Crime            ",http://www.imdb.com/title/tt4230076/
519,Ultraviolet,(2006),"
Action, Adventure, Crime            ",http://www.imdb.com/title/tt0370032/
520,Push,(2009),"
Action, Adventure, Crime            ",http://www.imdb.com/title/tt0465580/
521,All the Money in the World,(2017),"
Biography, Crime, Drama            ",http://www.imdb.com/title/tt5294550/
522,Life of Crime,(2013),"
Comedy, Crime            ",http://www.imdb.com/title/tt1663207/
523,Medium,(2005–2011),"
Crime, Drama, Fantasy            ",http://www.imdb.com/title/tt0412175/
524,Who Framed Roger Rabbit,(1988),"
Animation, Adventure, Comedy            ",http://www.imdb.com/title/tt0096438/
525,Funny Games,(2007),"
Crime, Drama, Thriller            ",http://www.imdb.com/title/tt0808279/
526,Terminal,(I) (2018),"
Crime, Drama, Thriller            ",http://www.imdb.com/title/tt4463816/
527,Faster,(2010),"
Action, Crime, Drama            ",http://www.imdb.com/title/tt1433108/
528,City of Lies,(2018),"
Biography, Crime, Drama            ",http://www.imdb.com/title/tt2677722/
529,Seven Psychopaths,(2012),"
Comedy, Crime            ",http://www.imdb.com/title/tt1931533/
530,Brawl in Cell Block 99,(2017),"
Action, Crime, Drama            ",http://www.imdb.com/title/tt5657856/
531,Kill Bill: Vol. 3,,"
Action, Crime, Thriller            ",http://www.imdb.com/title/tt1521225/
532,The Wrecking Crew,(1968),"
Action, Adventure, Comedy            ",http://www.imdb.com/title/tt0065225/
533,End of Watch,(2012),"
Action, Crime, Drama            ",http://www.imdb.com/title/tt1855199/
534,DCI Banks,(2010–2016),"
Crime, Drama, Mystery            ",http://www.imdb.com/title/tt1652216/
535,To Kill a Mockingbird,(1962),"
Crime, Drama            ",http://www.imdb.com/title/tt0056592/
536,Layer Cake,(2004),"
Action, Crime, Drama            ",http://www.imdb.com/title/tt0375912/
537,Hackers,(1995),"
Comedy, Crime, Drama            ",http://www.imdb.com/title/tt0113243/
538,Machete,(2010),"
Action, Crime, Thriller            ",http://www.imdb.com/title/tt0985694/
539,A Bronx Tale,(1993),"
Crime, Drama, Romance            ",http://www.imdb.com/title/tt0106489/
540,High Seas,(2019– ),"
Crime, Drama, Mystery            ",http://www.imdb.com/title/tt8961508/
541,In the Heat of the Night,(1988–1995),"
Crime, Drama, Mystery            ",http://www.imdb.com/title/tt0094484/
542,My Cousin Vinny,(1992),"
Comedy, Crime            ",http://www.imdb.com/title/tt0104952/
543,RocknRolla,(2008),"
Action, Crime, Thriller            ",http://www.imdb.com/title/tt1032755/
544,Free Fire,(2016),"
Action, Comedy, Crime            ",http://www.imdb.com/title/tt4158096/
545,Çukur,(2017– ),"
Action, Crime, Thriller            ",http://www.imdb.com/title/tt7431994/
546,Pretty Little Liars: The Perfectionists,(2019– ),"
Crime, Drama, Mystery            ",http://www.imdb.com/title/tt7413448/
547,Elektra,(2005),"
Action, Adventure, Crime            ",http://www.imdb.com/title/tt0357277/
548,Heder,(2019– ),"
Crime, Drama            ",http://www.imdb.com/title/tt9318602/
549,Awake,(III) (2019),"
Action, Crime, Thriller            ",http://www.imdb.com/title/tt7584702/
550,Without a Trace,(2002–2009),"
Crime, Drama, Mystery            ",http://www.imdb.com/title/tt0321021/
551,Rough Night,(2017),"
Comedy, Crime, Thriller            ",http://www.imdb.com/title/tt4799050/
552,'71,(2014),"
Action, Crime, Drama            ",http://www.imdb.com/title/tt2614684/
553,To Die For,(1995),"
Comedy, Crime, Drama            ",http://www.imdb.com/title/tt0114681/
554,Ófærð,(2015– ),"
Crime, Drama, Thriller            ",http://www.imdb.com/title/tt3561180/
555,Papillon,(1973),"
Biography, Crime, Drama            ",http://www.imdb.com/title/tt0070511/
556,The Sting,(1973),"
Comedy, Crime, Drama            ",http://www.imdb.com/title/tt0070735/
557,Metástasis,(2014),"
Crime, Drama, Thriller            ",http://www.imdb.com/title/tt3190448/
558,Witness,(1985),"
Crime, Drama, Romance            ",http://www.imdb.com/title/tt0090329/
559,21 Jump Street,(1987–1991),"
Crime, Drama, Mystery            ",http://www.imdb.com/title/tt0092312/
560,Get Shorty,(2017– ),"
Comedy, Crime            ",http://www.imdb.com/title/tt5761496/
561,Perfume: The Story of a Murderer,(2006),"
Crime, Drama            ",http://www.imdb.com/title/tt0396171/
562,Claws,(2017– ),"
Comedy, Crime, Drama            ",http://www.imdb.com/title/tt5640558/
563,MacGyver,(1985–1992),"
Action, Adventure, Crime            ",http://www.imdb.com/title/tt0088559/
564,Adventures in Babysitting,(1987),"
Adventure, Comedy, Crime            ",http://www.imdb.com/title/tt0092513/
565,Blackhat,(2015),"
Action, Crime, Thriller            ",http://www.imdb.com/title/tt2717822/
566,2 Fast 2 Furious,(2003),"
Action, Crime, Thriller            ",http://www.imdb.com/title/tt0322259/
567,Savages,(2012),"
Crime, Drama, Thriller            ",http://www.imdb.com/title/tt1615065/
568,And Then There Were None,(2015),"
Crime, Drama, Mystery            ",http://www.imdb.com/title/tt3581932/
569,Domino,(2019),"
Crime, Thriller            ",http://www.imdb.com/title/tt3282076/
570,Les Norton,(2019– ),"
Crime            ",http://www.imdb.com/title/tt9548022/
571,Batman: The Killing Joke,(2016),"
Animation, Action, Crime            ",http://www.imdb.com/title/tt4853102/
572,New Tricks,(2003–2015),"
Comedy, Crime, Drama            ",http://www.imdb.com/title/tt0362357/
573,The Gentlemen,(2020),"
Action, Crime            ",http://www.imdb.com/title/tt8367814/
574,Major Crimes,(2012–2018),"
Crime, Drama, Mystery            ",http://www.imdb.com/title/tt1936532/
575,Gone in 60 Seconds,(2000),"
Action, Crime, Thriller            ",http://www.imdb.com/title/tt0187078/
576,Lying and Stealing,(2019),"
Crime, Drama            ",http://www.imdb.com/title/tt7558302/
577,Munich,(2005),"
Biography, Crime, Drama            ",http://www.imdb.com/title/tt0408306/
578,Dirty Rotten Scoundrels,(1988),"
Comedy, Crime            ",http://www.imdb.com/title/tt0095031/
579,Sherlock Holmes 3,(2021),"
Action, Crime, Mystery            ",http://www.imdb.com/title/tt2094116/
580,McMafia,(2018– ),"
Crime, Drama, Thriller            ",http://www.imdb.com/title/tt6271042/
581,Beauty and the Beast,(1987–1990),"
Crime, Fantasy, Drama            ",http://www.imdb.com/title/tt0092319/
582,The Oath,(2018– ),"
Crime, Drama            ",http://www.imdb.com/title/tt7174764/
583,We Own the Night,(2007),"
Crime, Drama, Thriller            ",http://www.imdb.com/title/tt0498399/
584,Blood Father,(2016),"
Action, Crime, Drama            ",http://www.imdb.com/title/tt3647498/
585,Rio,(2011),"
Animation, Adventure, Comedy            ",http://www.imdb.com/title/tt1436562/
586,Machete Kills,(2013),"
Action, Crime, Sci-Fi            ",http://www.imdb.com/title/tt2002718/
587,101 Dalmatians,(1996),"
Adventure, Comedy, Crime            ",http://www.imdb.com/title/tt0115433/
588,The Practice,(1997–2004),"
Crime, Drama, Mystery            ",http://www.imdb.com/title/tt0118437/
589,Austin Powers: The Spy Who Shagged Me,(1999),"
Action, Adventure, Comedy            ",http://www.imdb.com/title/tt0145660/
590,Silverado,(1985),"
Action, Crime, Drama            ",http://www.imdb.com/title/tt0090022/
591,Tales from the Crypt,(1989–1996),"
Comedy, Crime, Fantasy            ",http://www.imdb.com/title/tt0096708/
592,I Love You Phillip Morris,(2009),"
Biography, Comedy, Crime            ",http://www.imdb.com/title/tt1045772/
593,Gandii Baat,(2018– ),"
Crime, Drama, Thriller            ",http://www.imdb.com/title/tt8228316/
594,Agatha Christie's Marple,(2004–2013),"
Crime, Drama, Mystery            ",http://www.imdb.com/title/tt1734537/
595,The Bill,(1984–2010),"
Crime, Drama            ",http://www.imdb.com/title/tt0084987/
596,Year of the Rabbit,(2019– ),"
Comedy, Crime, Mystery            ",http://www.imdb.com/title/tt8530456/
597,I Saw the Devil,(2010),"
Action, Crime, Thriller            ",http://www.imdb.com/title/tt1588170/
598,Life on Mars,(2006–2007),"
Crime, Drama, Mystery            ",http://www.imdb.com/title/tt0478942/
599,Collateral,(2018),"
Crime, Drama, Mystery            ",http://www.imdb.com/title/tt6729080/
600,Black Mass,(2015),"
Biography, Crime, Drama            ",http://www.imdb.com/title/tt1355683/
601,Finding Steve McQueen,(2019),"
Crime, Romance            ",http://www.imdb.com/title/tt6032328/
602,Jack Reacher: Never Go Back,(2016),"
Action, Crime, Thriller            ",http://www.imdb.com/title/tt3393786/
603,The Twilight Saga: Eclipse,(2010),"
Action, Adventure, Crime            ",http://www.imdb.com/title/tt1325004/
604,Alias Grace,(2017),"
Biography, Crime, Drama            ",http://www.imdb.com/title/tt1034007/
605,Fonzo,,"
Biography, Crime, Drama            ",http://www.imdb.com/title/tt6199572/
606,A Fish Called Wanda,(1988),"
Comedy, Crime            ",http://www.imdb.com/title/tt0095159/
607,Body Heat,(1981),"
Crime, Drama, Romance            ",http://www.imdb.com/title/tt0082089/
608,Backdraft II,(2019 Video),"
Action, Crime, Drama            ",http://www.imdb.com/title/tt8172466/
609,Home Alone 2: Lost in New York,(1992),"
Adventure, Comedy, Crime            ",http://www.imdb.com/title/tt0104431/
610,El Chapo,(2017– ),"
Crime, Drama            ",http://www.imdb.com/title/tt6692188/
611,Lucky Day,(2019),"
Action, Crime, Thriller            ",http://www.imdb.com/title/tt7248248/
612,Grand Theft Auto V,(2013 Video Game),"
Action, Adventure, Comedy            ",http://www.imdb.com/title/tt2103188/
613,Swordfish,(2001),"
Action, Crime, Thriller            ",http://www.imdb.com/title/tt0244244/
614,Deadly Class,(2018–2019),"
Action, Crime, Drama            ",http://www.imdb.com/title/tt5924572/
615,River,(2015),"
Crime, Drama, Mystery            ",http://www.imdb.com/title/tt4258440/
616,Spooks,(2002–2011),"
Action, Crime, Drama            ",http://www.imdb.com/title/tt0160904/
617,Sahsiyet,(2018),"
Crime, Drama, Mystery            ",http://www.imdb.com/title/tt7920978/
618,Anon,(I) (2018),"
Action, Crime, Drama            ",http://www.imdb.com/title/tt5397194/
619,Out of Blue,(2018),"
Crime, Drama, Mystery            ",http://www.imdb.com/title/tt6874254/
620,Ransom,(2017–2019),"
Action, Crime, Drama            ",http://www.imdb.com/title/tt5809150/
621,Boyz n the Hood,(1991),"
Crime, Drama            ",http://www.imdb.com/title/tt0101507/
622,Wall Street,(1987),"
Crime, Drama            ",http://www.imdb.com/title/tt0094291/
623,Bulletproof,(2018– ),"
Action, Comedy, Crime            ",http://www.imdb.com/title/tt8038720/
624,The Frankenstein Chronicles,(2015– ),"
Crime, Drama, Fantasy            ",http://www.imdb.com/title/tt4206804/
625,Half Baked,(1998),"
Comedy, Crime            ",http://www.imdb.com/title/tt0120693/
626,King of Thieves,(2018),"
Crime, Drama            ",http://www.imdb.com/title/tt5789976/
627,Vault,(2019),"
Crime, Drama            ",http://www.imdb.com/title/tt6838918/
628,The Clovehitch Killer,(2018),"
Crime, Drama, Mystery            ",http://www.imdb.com/title/tt6269368/
629,Scott & Bailey,(2011–2016),"
Crime, Drama            ",http://www.imdb.com/title/tt1843678/
630,Repo Man,(1984),"
Comedy, Crime, Sci-Fi            ",http://www.imdb.com/title/tt0087995/
631,The Five,(2016),"
Crime, Drama, Mystery            ",http://www.imdb.com/title/tt4370528/
632,Pain & Gain,(2013),"
Action, Comedy, Crime            ",http://www.imdb.com/title/tt1980209/
633,The Family,(I) (2013),"
Comedy, Crime, Thriller            ",http://www.imdb.com/title/tt2404311/
634,The American,(2010),"
Crime, Drama, Thriller            ",http://www.imdb.com/title/tt1440728/
635,Carlito's Way,(1993),"
Crime, Drama, Thriller            ",http://www.imdb.com/title/tt0106519/
636,The Whole Nine Yards,(2000),"
Comedy, Crime            ",http://www.imdb.com/title/tt0190138/
637,Risky Business,(1983),"
Comedy, Crime, Drama            ",http://www.imdb.com/title/tt0086200/
638,Masterminds,(I) (2016),"
Comedy, Crime            ",http://www.imdb.com/title/tt2461150/
639,Hangman,(II) (2017),"
Crime, Mystery, Thriller            ",http://www.imdb.com/title/tt3011960/
640,Animal Kingdom,(2010),"
Crime, Drama            ",http://www.imdb.com/title/tt1313092/
641,Charlie's Angels: Full Throttle,(2003),"
Action, Adventure, Comedy            ",http://www.imdb.com/title/tt0305357/
642,Patriots Day,(2016),"
Action, Crime, Drama            ",http://www.imdb.com/title/tt4572514/
643,Beyond a Reasonable Doubt,(1956),"
Crime, Drama, Film-Noir            ",http://www.imdb.com/title/tt0049006/
644,Trinkets,(2019– ),"
Crime, Drama            ",http://www.imdb.com/title/tt9134194/
645,Miss Congeniality,(2000),"
Action, Comedy, Crime            ",http://www.imdb.com/title/tt0212346/
646,Nerve,(I) (2016),"
Action, Adventure, Crime            ",http://www.imdb.com/title/tt3531824/
647,Be Cool,(2005),"
Comedy, Crime, Music            ",http://www.imdb.com/title/tt0377471/
648,Bronson,(2008),"
Action, Biography, Crime            ",http://www.imdb.com/title/tt1172570/
649,It's a Mad Mad Mad Mad World,(1963),"
Action, Adventure, Comedy            ",http://www.imdb.com/title/tt0057193/
650,Curfew,(2019– ),"
Action, Crime, Drama            ",http://www.imdb.com/title/tt7938588/
651,Magnum Force,(1973),"
Action, Crime, Mystery            ",http://www.imdb.com/title/tt0070355/
652,Avengement,(I) (2019),"
Action, Crime, Thriller            ",http://www.imdb.com/title/tt8836988/
653,The Book of Henry,(2017),"
Crime, Drama, Thriller            ",http://www.imdb.com/title/tt4572792/
654,Frankie Drake Mysteries,(2017– ),"
Crime, Drama, Mystery            ",http://www.imdb.com/title/tt6881870/
655,Mission: Impossible,(1966–1973),"
Action, Adventure, Crime            ",http://www.imdb.com/title/tt0060009/
656,Midnight Express,(1978),"
Biography, Crime, Drama            ",http://www.imdb.com/title/tt0077928/
657,"Blood In, Blood Out",(1993),"
Crime, Drama            ",http://www.imdb.com/title/tt0106469/
658,Elle,(I) (2016),"
Crime, Drama, Thriller            ",http://www.imdb.com/title/tt3716530/
659,Hustle & Flow,(2005),"
Crime, Drama, Music            ",http://www.imdb.com/title/tt0410097/
660,Marathon Man,(1976),"
Crime, Thriller            ",http://www.imdb.com/title/tt0074860/
661,Trust,(2018– ),"
Biography, Crime, Drama            ",http://www.imdb.com/title/tt5664952/
662,Killers of the Flower Moon,,"
Crime, Drama, History            ",http://www.imdb.com/title/tt5537002/
663,Rush Hour,(1998),"
Action, Comedy, Crime            ",http://www.imdb.com/title/tt0120812/
664,Fallen,(1998),"
Action, Crime, Drama            ",http://www.imdb.com/title/tt0119099/
665,Safe House,(2012),"
Action, Crime, Thriller            ",http://www.imdb.com/title/tt1599348/
666,The Brothers Grimsby,(2016),"
Action, Adventure, Comedy            ",http://www.imdb.com/title/tt3381008/
667,Hot Summer Nights,(2017),"
Comedy, Crime, Drama            ",http://www.imdb.com/title/tt3416536/
668,Nash Bridges,(1996–2001),"
Action, Crime, Drama            ",http://www.imdb.com/title/tt0115285/
669,Hitman: Agent 47,(2015),"
Action, Crime, Thriller            ",http://www.imdb.com/title/tt2679042/
670,Eastern Promises,(2007),"
Action, Crime, Drama            ",http://www.imdb.com/title/tt0765443/
671,Horrible Bosses 2,(2014),"
Comedy, Crime            ",http://www.imdb.com/title/tt2170439/
672,The Basketball Diaries,(1995),"
Biography, Crime, Drama            ",http://www.imdb.com/title/tt0112461/
673,The Boondock Saints,(1999),"
Action, Crime, Thriller            ",http://www.imdb.com/title/tt0144117/
674,Stockholm,(I) (2018),"
Biography, Comedy, Crime            ",http://www.imdb.com/title/tt6474040/
675,Fantastic Mr. Fox,(2009),"
Animation, Adventure, Comedy            ",http://www.imdb.com/title/tt0432283/
676,Soylent Green,(1973),"
Crime, Mystery, Sci-Fi            ",http://www.imdb.com/title/tt0070723/
677,Jonathan Creek,(1997–2016),"
Crime, Drama, Mystery            ",http://www.imdb.com/title/tt0118363/
678,Rush Hour 2,(2001),"
Action, Comedy, Crime            ",http://www.imdb.com/title/tt0266915/
679,Kiss Kiss Bang Bang,(2005),"
Action, Comedy, Crime            ",http://www.imdb.com/title/tt0373469/
680,Ace Ventura: When Nature Calls,(1995),"
Adventure, Comedy, Crime            ",http://www.imdb.com/title/tt0112281/
681,Austin Powers in Goldmember,(2002),"
Action, Adventure, Comedy            ",http://www.imdb.com/title/tt0295178/
682,Paul Blart: Mall Cop,(2009),"
Action, Comedy, Crime            ",http://www.imdb.com/title/tt1114740/
683,Mississippi Burning,(1988),"
Crime, Drama, History            ",http://www.imdb.com/title/tt0095647/
684,Alarm für Cobra 11 - Die Autobahnpolizei,(1996– ),"
Action, Crime, Drama            ",http://www.imdb.com/title/tt0115088/
685,Raising Arizona,(1987),"
Comedy, Crime            ",http://www.imdb.com/title/tt0093822/
686,Deja Vu,(2006),"
Action, Crime, Sci-Fi            ",http://www.imdb.com/title/tt0453467/
687,Holiday,(I) (2018),"
Crime, Drama            ",http://www.imdb.com/title/tt7328154/
688,A History of Violence,(2005),"
Crime, Drama, Thriller            ",http://www.imdb.com/title/tt0399146/
689,Unforgettable,(2011–2016),"
Crime, Drama, Mystery            ",http://www.imdb.com/title/tt1842530/
690,Murder on the Orient Express,(1974),"
Crime, Drama, Mystery            ",http://www.imdb.com/title/tt0071877/
691,Cool Hand Luke,(1967),"
Crime, Drama            ",http://www.imdb.com/title/tt0061512/
692,21,(2008),"
Crime, Drama, History            ",http://www.imdb.com/title/tt0478087/
693,Enter the Dragon,(1973),"
Action, Crime, Drama            ",http://www.imdb.com/title/tt0070034/
694,Donnie Brasco,(1997),"
Biography, Crime, Drama            ",http://www.imdb.com/title/tt0119008/
695,Dark Crimes,(2016),"
Crime, Drama, Thriller            ",http://www.imdb.com/title/tt1901024/
696,"Walker, Texas Ranger",(1993–2001),"
Action, Adventure, Crime            ",http://www.imdb.com/title/tt0106168/
697,Crooked House,(2017),"
Crime, Drama, Mystery            ",http://www.imdb.com/title/tt1869347/
698,City Homicide,(2007–2011),"
Crime, Drama, Mystery            ",http://www.imdb.com/title/tt1024932/
699,Drive Angry,(2011),"
Action, Crime, Fantasy            ",http://www.imdb.com/title/tt1502404/
700,Bonnie and Clyde,(1967),"
Action, Biography, Crime            ",http://www.imdb.com/title/tt0061418/
701,48 Hrs.,(1982),"
Action, Comedy, Crime            ",http://www.imdb.com/title/tt0083511/
702,Alpha Dog,(2006),"
Biography, Crime, Drama            ",http://www.imdb.com/title/tt0426883/
703,Dirty Harry,(1971),"
Action, Crime, Thriller            ",http://www.imdb.com/title/tt0066999/
704,The ABC Murders,(2018– ),"
Crime, Drama, Mystery            ",http://www.imdb.com/title/tt8463714/
705,Batman: Arkham Knight,(2015 Video Game),"
Action, Adventure, Crime            ",http://www.imdb.com/title/tt3554580/
706,Behzat Ç.: Bir Ankara Polisiyesi,(2010–2019),"
Crime, Drama, Mystery            ",http://www.imdb.com/title/tt1795096/
707,The Drop,(2014),"
Crime, Drama            ",http://www.imdb.com/title/tt1600196/
708,Mindhunters,(2004),"
Crime, Horror, Mystery            ",http://www.imdb.com/title/tt0297284/
709,Der Pass,(2018– ),"
Crime, Drama, Mystery            ",http://www.imdb.com/title/tt6905756/
710,Kill the Irishman,(2011),"
Biography, Crime, Drama            ",http://www.imdb.com/title/tt1416801/
711,Heartbeat,(1992–2010),"
Drama, Comedy, Crime            ",http://www.imdb.com/title/tt0101114/
712,King of New York,(1990),"
Crime, Thriller            ",http://www.imdb.com/title/tt0099939/
713,Ghost in the Shell,(1995),"
Animation, Action, Crime            ",http://www.imdb.com/title/tt0113568/
714,Cardinal,(2017– ),"
Crime, Drama, Mystery            ",http://www.imdb.com/title/tt5583512/
715,Black and Blue,(I) (2019),"
Action, Crime, Drama            ",http://www.imdb.com/title/tt7390646/
716,The Saint,(1962–1969),"
Action, Crime, Drama            ",http://www.imdb.com/title/tt0055701/
717,Striptease,(1996),"
Comedy, Crime, Drama            ",http://www.imdb.com/title/tt0117765/
718,The Transporter,(2002),"
Action, Crime, Thriller            ",http://www.imdb.com/title/tt0293662/
719,Above Suspicion,(2019),"
Action, Crime, Thriller            ",http://www.imdb.com/title/tt5688068/
720,Ashes to Ashes,(2008–2010),"
Crime, Drama, Fantasy            ",http://www.imdb.com/title/tt1008108/
721,Shaft,(2000),"
Action, Crime, Thriller            ",http://www.imdb.com/title/tt0162650/
722,22 July,(2018),"
Crime, Drama, History            ",http://www.imdb.com/title/tt7280898/
723,American Vandal,(2017–2018),"
Comedy, Crime, Drama            ",http://www.imdb.com/title/tt6877772/
724,Only God Forgives,(2013),"
Action, Crime, Drama            ",http://www.imdb.com/title/tt1602613/
725,Clear and Present Danger,(1994),"
Action, Crime, Drama            ",http://www.imdb.com/title/tt0109444/
726,Ronin,(1998),"
Action, Crime, Thriller            ",http://www.imdb.com/title/tt0122690/
727,The Guest,(I) (2014),"
Action, Comedy, Crime            ",http://www.imdb.com/title/tt2980592/
728,Changeling,(2008),"
Biography, Crime, Drama            ",http://www.imdb.com/title/tt0824747/
729,Night Walk,(2019),"
Crime, Drama, Romance            ",http://www.imdb.com/title/tt4205896/
730,Taking Lives,(2004),"
Crime, Mystery, Thriller            ",http://www.imdb.com/title/tt0364045/
731,You Get Me,(2017),"
Crime, Drama, Romance            ",http://www.imdb.com/title/tt5539054/
732,RoboCop,(2014),"
Action, Crime, Sci-Fi            ",http://www.imdb.com/title/tt1234721/
733,The Raid 2,(2014),"
Action, Crime, Thriller            ",http://www.imdb.com/title/tt2265171/
734,Filth,(I) (2013),"
Comedy, Crime, Drama            ",http://www.imdb.com/title/tt1450321/
735,Dogman,(2018),"
Crime, Drama, Thriller            ",http://www.imdb.com/title/tt6768578/
736,CHiPs,(1977–1983),"
Crime, Drama, Mystery            ",http://www.imdb.com/title/tt0075488/
737,30 Minutes or Less,(2011),"
Action, Comedy, Crime            ",http://www.imdb.com/title/tt1622547/
738,CHIPS,(2017),"
Action, Comedy, Crime            ",http://www.imdb.com/title/tt0493405/
739,Serpico,(1973),"
Biography, Crime, Drama            ",http://www.imdb.com/title/tt0070666/
740,Takers,(2010),"
Action, Crime, Thriller            ",http://www.imdb.com/title/tt1135084/
741,The Infiltrator,(2016),"
Biography, Crime, Drama            ",http://www.imdb.com/title/tt1355631/
742,Reno 911!,(2003–2009),"
Comedy, Crime            ",http://www.imdb.com/title/tt0370194/
743,S.W.A.T.,(2003),"
Action, Adventure, Crime            ",http://www.imdb.com/title/tt0257076/
744,This Is England,(2006),"
Crime, Drama            ",http://www.imdb.com/title/tt0480025/
745,Sexy Beast,(2000),"
Crime, Drama, Thriller            ",http://www.imdb.com/title/tt0203119/
746,Baby's Day Out,(1994),"
Adventure, Comedy, Crime            ",http://www.imdb.com/title/tt0109190/
747,Hitman,(I) (2007),"
Action, Crime, Thriller            ",http://www.imdb.com/title/tt0465494/
748,The Bank Job,(2008),"
Crime, Thriller            ",http://www.imdb.com/title/tt0200465/
749,Gringo,(2018),"
Action, Comedy, Crime            ",http://www.imdb.com/title/tt3721964/
750,Blood,(2018– ),"
Crime, Drama, Mystery            ",http://www.imdb.com/title/tt8991526/
751,The Captive,(I) (2014),"
Crime, Drama, Mystery            ",http://www.imdb.com/title/tt2326612/
752,2 Guns,(2013),"
Action, Comedy, Crime            ",http://www.imdb.com/title/tt1272878/
753,211,(2018),"
Action, Crime, Drama            ",http://www.imdb.com/title/tt4976192/
754,The Counselor,(2013),"
Crime, Drama, Thriller            ",http://www.imdb.com/title/tt2193215/
755,Peter Gunn,(1958–1961),"
Action, Crime, Drama            ",http://www.imdb.com/title/tt0051301/
756,A Scanner Darkly,(2006),"
Animation, Crime, Drama            ",http://www.imdb.com/title/tt0405296/
757,The Pink Panther,(2006),"
Adventure, Comedy, Crime            ",http://www.imdb.com/title/tt0383216/
758,The Many Saints of Newark,(2020),"
Crime, Drama            ",http://www.imdb.com/title/tt8110232/
759,Wild at Heart,(1990),"
Comedy, Crime, Drama            ",http://www.imdb.com/title/tt0100935/
760,The Iceman,(2012),"
Biography, Crime, Drama            ",http://www.imdb.com/title/tt1491044/
761,Bordertown,(2016– ),"
Crime, Drama, Mystery            ",http://www.imdb.com/title/tt4937942/
762,Tidelands,(2018– ),"
Crime, Drama, Fantasy            ",http://www.imdb.com/title/tt6898970/
763,Hatsukoi,(2019),"
Comedy, Crime, Romance            ",http://www.imdb.com/title/tt10228168/
764,Waco,(2018),"
Crime, Drama, History            ",http://www.imdb.com/title/tt6040674/
765,Knight Rider,(1982–1986),"
Action, Crime, Drama            ",http://www.imdb.com/title/tt0083437/
766,Jack Taylor,(I) (2010),"
Crime, Drama            ",http://www.imdb.com/title/tt6954652/
767,Need for Speed,(2014),"
Action, Crime, Thriller            ",http://www.imdb.com/title/tt2369135/
768,Menace II Society,(1993),"
Crime, Drama, Thriller            ",http://www.imdb.com/title/tt0107554/
769,Grosse Pointe Blank,(1997),"
Action, Comedy, Crime            ",http://www.imdb.com/title/tt0119229/
770,The Avengers,(1961–1969),"
Action, Comedy, Crime            ",http://www.imdb.com/title/tt0054518/
771,Killing Them Softly,(2012),"
Crime, Drama, Thriller            ",http://www.imdb.com/title/tt1764234/
772,Journal 64,(2018),"
Crime, Mystery, Thriller            ",http://www.imdb.com/title/tt6916362/
773,Edge of Darkness,(2010),"
Crime, Drama, Mystery            ",http://www.imdb.com/title/tt1226273/
774,Magamuni,(2019),"
Crime, Drama, Thriller            ",http://www.imdb.com/title/tt10370932/
775,In the Heat of the Night,(1967),"
Crime, Drama, Mystery            ",http://www.imdb.com/title/tt0061811/
776,Bullitt,(1968),"
Action, Crime, Thriller            ",http://www.imdb.com/title/tt0062765/
777,The Heat,(I) (2013),"
Action, Comedy, Crime            ",http://www.imdb.com/title/tt2404463/
778,The Rover,(2014),"
Action, Crime, Drama            ",http://www.imdb.com/title/tt2345737/
779,Death on the Nile,(2020),"
Crime, Drama, Mystery            ",http://www.imdb.com/title/tt7657566/
780,Godfather of Harlem,(2019– ),"
Crime, Drama            ",http://www.imdb.com/title/tt8080122/
781,Sister Act,(1992),"
Comedy, Crime, Family            ",http://www.imdb.com/title/tt0105417/
782,Lord of War,(2005),"
Action, Crime, Drama            ",http://www.imdb.com/title/tt0399295/
783,Crypto,(2019),"
Crime, Drama, Thriller            ",http://www.imdb.com/title/tt8563452/
784,Damages,(2007–2012),"
Crime, Drama, Mystery            ",http://www.imdb.com/title/tt0914387/
785,Solace,(II) (2015),"
Crime, Drama, Mystery            ",http://www.imdb.com/title/tt1291570/
786,Brick,(2005),"
Action, Crime, Drama            ",http://www.imdb.com/title/tt0393109/
787,Wyatt Earp,(1994),"
Adventure, Biography, Crime            ",http://www.imdb.com/title/tt0111756/
788,American Animals,(2018),"
Biography, Crime, Drama            ",http://www.imdb.com/title/tt6212478/
789,The Score,(2001),"
Crime, Drama, Thriller            ",http://www.imdb.com/title/tt0227445/
790,Speed Kills,(2018),"
Action, Crime, Drama            ",http://www.imdb.com/title/tt6749318/
791,Las Vegas,(2003–2008),"
Crime, Drama            ",http://www.imdb.com/title/tt0364828/
792,Exposed,(III) (2016),"
Crime, Drama, Mystery            ",http://www.imdb.com/title/tt4019560/
793,Making a Murderer,(2015– ),"
Documentary, Crime            ",http://www.imdb.com/title/tt5189670/
794,The Tax Collector,(2019),"
Crime, Drama, Thriller            ",http://www.imdb.com/title/tt8461224/
795,The Rockford Files,(1974–1980),"
Crime, Drama, Mystery            ",http://www.imdb.com/title/tt0071042/
796,Mother,(2009),"
Crime, Drama, Thriller            ",http://www.imdb.com/title/tt1216496/
797,Killer Joe,(2011),"
Crime, Drama, Thriller            ",http://www.imdb.com/title/tt1726669/
798,Ratsasan,(2018),"
Action, Crime, Thriller            ",http://www.imdb.com/title/tt7060344/
799,Revenge,(I) (1990),"
Action, Crime, Drama            ",http://www.imdb.com/title/tt0100485/
800,Wild Card,(2015),"
Action, Crime, Drama            ",http://www.imdb.com/title/tt2231253/
801,Spy Game,(2001),"
Action, Crime, Thriller            ",http://www.imdb.com/title/tt0266987/
802,Marshall,(2017),"
Biography, Crime, Drama            ",http://www.imdb.com/title/tt5301662/
803,The Eiger Sanction,(1975),"
Action, Crime, Thriller            ",http://www.imdb.com/title/tt0072926/
804,Hudson & Rex,(2019– ),"
Crime, Drama, Mystery            ",http://www.imdb.com/title/tt9111220/
805,The Outsider,(I) (2018),"
Crime, Drama, Thriller            ",http://www.imdb.com/title/tt2011311/
806,Bound,(1996),"
Crime, Romance, Thriller            ",http://www.imdb.com/title/tt0115736/
807,Going in Style,(2017),"
Comedy, Crime            ",http://www.imdb.com/title/tt2568862/
808,Seven Seconds,(2018),"
Crime, Drama            ",http://www.imdb.com/title/tt6297682/
809,A Most Violent Year,(2014),"
Crime, Drama, Thriller            ",http://www.imdb.com/title/tt2937898/
810,The Last Boy Scout,(1991),"
Action, Comedy, Crime            ",http://www.imdb.com/title/tt0102266/
811,No Way Out,(1987),"
Action, Crime, Drama            ",http://www.imdb.com/title/tt0093640/
812,Blindspotting,(2018),"
Comedy, Crime, Drama            ",http://www.imdb.com/title/tt7242142/
813,A Touch of Frost,(1992–2010),"
Crime, Drama, Mystery            ",http://www.imdb.com/title/tt0108967/
814,Gangs of Wasseypur,(2012),"
Action, Comedy, Crime            ",http://www.imdb.com/title/tt1954470/
815,Into the Blue,(2005),"
Action, Adventure, Crime            ",http://www.imdb.com/title/tt0378109/
816,Kill the Messenger,(2014),"
Biography, Crime, Drama            ",http://www.imdb.com/title/tt1216491/
817,Vengeance: A Love Story,(2017),"
Action, Crime, Drama            ",http://www.imdb.com/title/tt5460530/
818,Grâce à Dieu,(2018),"
Crime, Drama            ",http://www.imdb.com/title/tt8095860/
819,In Plain Sight,(2008–2012),"
Crime, Drama, Mystery            ",http://www.imdb.com/title/tt0935095/
820,Kill List,(2011),"
Crime, Drama, Horror            ",http://www.imdb.com/title/tt1788391/
821,Out of the Furnace,(2013),"
Action, Crime, Drama            ",http://www.imdb.com/title/tt1206543/
822,Briarpatch,(2019– ),"
Crime            ",http://www.imdb.com/title/tt8289758/
823,Kin,(I) (2018),"
Action, Crime, Drama            ",http://www.imdb.com/title/tt6017942/
824,Angie Tribeca,(2016– ),"
Action, Comedy, Crime            ",http://www.imdb.com/title/tt3597790/
825,Breaking In,(2018),"
Action, Crime, Drama            ",http://www.imdb.com/title/tt7137846/
826,Galveston,(2018),"
Action, Crime, Drama            ",http://www.imdb.com/title/tt2315596/
827,Madness in the Method,(2019),"
Comedy, Crime            ",http://www.imdb.com/title/tt6038042/
828,Capote,(2005),"
Biography, Crime, Drama            ",http://www.imdb.com/title/tt0379725/
829,The Best Offer,(2013),"
Crime, Drama, Mystery            ",http://www.imdb.com/title/tt1924396/
830,Blues Brothers 2000,(1998),"
Action, Comedy, Crime            ",http://www.imdb.com/title/tt0118747/
831,Crank,(2006),"
Action, Crime, Thriller            ",http://www.imdb.com/title/tt0479884/
832,Cruising,(1980),"
Crime, Drama, Mystery            ",http://www.imdb.com/title/tt0080569/
833,Keanu,(2016),"
Action, Comedy, Crime            ",http://www.imdb.com/title/tt4139124/
834,Let's Be Cops,(2014),"
Action, Comedy, Crime            ",http://www.imdb.com/title/tt1924435/
835,Super Troopers 2,(2018),"
Comedy, Crime, Mystery            ",http://www.imdb.com/title/tt0859635/
836,Loving Vincent,(2017),"
Animation, Biography, Crime            ",http://www.imdb.com/title/tt3262342/
837,The Frozen Ground,(2013),"
Crime, Drama, Thriller            ",http://www.imdb.com/title/tt2005374/
838,Kung Fury 2,,"
Action, Comedy, Crime            ",http://www.imdb.com/title/tt5765844/
839,Bully,(2001),"
Biography, Crime, Drama            ",http://www.imdb.com/title/tt0242193/
840,Body Double,(1984),"
Crime, Drama, Mystery            ",http://www.imdb.com/title/tt0086984/
841,American Crime,(2015–2017),"
Crime, Drama            ",http://www.imdb.com/title/tt3488298/
842,Super Troopers,(2001),"
Comedy, Crime, Mystery            ",http://www.imdb.com/title/tt0247745/
843,Crossing Jordan,(2001–2007),"
Crime, Drama, Mystery            ",http://www.imdb.com/title/tt0284718/
844,Forever,(2014–2015),"
Crime, Drama, Fantasy            ",http://www.imdb.com/title/tt3487382/
845,The Haves and the Have Nots,(2013– ),"
Crime, Drama, Mystery            ",http://www.imdb.com/title/tt2729716/
846,Bastille Day,(2016),"
Action, Crime, Drama            ",http://www.imdb.com/title/tt2368619/
847,To Live and Die in L.A.,(1985),"
Action, Crime, Drama            ",http://www.imdb.com/title/tt0090180/
848,The Bad Seed,(1956),"
Crime, Drama, Horror            ",http://www.imdb.com/title/tt0048977/
849,The Devil's Own,(1997),"
Action, Crime, Drama            ",http://www.imdb.com/title/tt0118972/
850,The Fix,(2019),"
Crime, Drama, Mystery            ",http://www.imdb.com/title/tt7942774/
851,Boyka: Undisputed,(2016 Video),"
Action, Crime, Drama            ",http://www.imdb.com/title/tt3344680/
852,Thief,(1981),"
Action, Crime, Drama            ",http://www.imdb.com/title/tt0083190/
853,Backdraft,(1991),"
Crime, Drama, Mystery            ",http://www.imdb.com/title/tt0101393/
854,Birds of Passage,(2018),"
Crime, Drama            ",http://www.imdb.com/title/tt6386748/
855,Catwoman,(2004),"
Action, Crime, Fantasy            ",http://www.imdb.com/title/tt0327554/
856,Four Brothers,(2005),"
Action, Crime, Drama            ",http://www.imdb.com/title/tt0430105/
857,Disturbia,(2007),"
Crime, Drama, Mystery            ",http://www.imdb.com/title/tt0486822/
858,M,(1931),"
Crime, Mystery, Thriller            ",http://www.imdb.com/title/tt0022100/
859,A Walk Among the Tombstones,(2014),"
Action, Crime, Drama            ",http://www.imdb.com/title/tt0365907/
860,The Hurricane Heist,(2018),"
Action, Adventure, Crime            ",http://www.imdb.com/title/tt5360952/
861,The Six Million Dollar Man,(1974–1978),"
Action, Adventure, Crime            ",http://www.imdb.com/title/tt0071054/
862,Alfred Hitchcock Presents,(1955–1962),"
Comedy, Crime, Drama            ",http://www.imdb.com/title/tt0047708/
863,Kojak,(1973–1978),"
Action, Crime, Drama            ",http://www.imdb.com/title/tt0069599/
864,Wild Bill,(2019– ),"
Crime, Drama, Mystery            ",http://www.imdb.com/title/tt9118930/
865,A Most Wanted Man,(2014),"
Crime, Drama, Thriller            ",http://www.imdb.com/title/tt1972571/
866,The Naked Gun: From the Files of Police Squad!,(1988),"
Comedy, Crime            ",http://www.imdb.com/title/tt0095705/
867,Dolores Claiborne,(1995),"
Crime, Drama, Mystery            ",http://www.imdb.com/title/tt0109642/
868,After Hours,(1985),"
Comedy, Crime, Drama            ",http://www.imdb.com/title/tt0088680/
869,Delhi Crime,(2019– ),"
Crime, Drama            ",http://www.imdb.com/title/tt9398466/
870,All Good Things,(2010),"
Crime, Drama, Mystery            ",http://www.imdb.com/title/tt1175709/
871,How to Sell Drugs Online (Fast),(2019– ),"
Comedy, Crime, Drama            ",http://www.imdb.com/title/tt9184994/
872,Lilyhammer,(2012–2014),"
Comedy, Crime, Drama            ",http://www.imdb.com/title/tt1958961/
873,Rookie Blue,(2010–2015),"
Crime, Drama            ",http://www.imdb.com/title/tt1442065/
874,Lizzie,(2018),"
Biography, Crime, Drama            ",http://www.imdb.com/title/tt5160938/
875,Gold,(I) (2016),"
Crime, Drama            ",http://www.imdb.com/title/tt1800302/
876,The Client,(1994),"
Crime, Drama, Mystery            ",http://www.imdb.com/title/tt0109446/
877,Better Watch Out,(II) (2016),"
Comedy, Crime, Horror            ",http://www.imdb.com/title/tt4443658/
878,The Case That Haunts Me,(2018– ),"
Crime            ",http://www.imdb.com/title/tt9601246/
879,Less Than Zero,(1987),"
Crime, Drama            ",http://www.imdb.com/title/tt0093407/
880,Dark Heart,(2016– ),"
Crime, Drama, Thriller            ",http://www.imdb.com/title/tt5866284/
881,A Prayer Before Dawn,(2017),"
Biography, Crime, Drama            ",http://www.imdb.com/title/tt4080956/
882,Parker,(2013),"
Action, Crime, Thriller            ",http://www.imdb.com/title/tt1904996/
883,Notorious,(2009),"
Biography, Crime, Drama            ",http://www.imdb.com/title/tt0472198/
884,R.I.P.D.,(2013),"
Action, Adventure, Comedy            ",http://www.imdb.com/title/tt0790736/
885,Rounders,(1998),"
Crime, Drama            ",http://www.imdb.com/title/tt0128442/
886,Leatherface,(2017),"
Crime, Horror, Thriller            ",http://www.imdb.com/title/tt2620590/
887,The Jackal,(1997),"
Action, Crime, Drama            ",http://www.imdb.com/title/tt0119395/
888,The Accused,(1988),"
Crime, Drama            ",http://www.imdb.com/title/tt0094608/
889,The Saint,(2017 TV Movie),"
Action, Adventure, Crime            ",http://www.imdb.com/title/tt2569088/
890,Evaru,(2019),"
Crime, Drama, Thriller            ",http://www.imdb.com/title/tt10545484/
891,Escape from Alcatraz,(1979),"
Biography, Crime, Drama            ",http://www.imdb.com/title/tt0079116/
892,Dope,(2015),"
Comedy, Crime, Drama            ",http://www.imdb.com/title/tt3850214/
893,Wonderland,(II) (2019),"
Crime, Drama, Mystery            ",http://www.imdb.com/title/tt8629748/
894,Conversations with a Killer: The Ted Bundy Tapes,(2019– ),"
Documentary, Crime, History            ",http://www.imdb.com/title/tt9425132/
895,Unité 42,(2017– ),"
Crime, Drama            ",http://www.imdb.com/title/tt6136644/
896,Barnaby Jones,(1973–1980),"
Crime, Drama, Mystery            ",http://www.imdb.com/title/tt0069557/
897,Middle Men,(2009),"
Comedy, Crime, Drama            ",http://www.imdb.com/title/tt1251757/
898,Boys Don't Cry,(1999),"
Biography, Crime, Drama            ",http://www.imdb.com/title/tt0171804/
899,The Longest Yard,(1974),"
Comedy, Crime, Drama            ",http://www.imdb.com/title/tt0071771/
900,Maigret Sets a Trap,(2016 TV Movie),"
Crime, Drama, Mystery            ",http://www.imdb.com/title/tt5012394/
901,Twins,(1988),"
Comedy, Crime            ",http://www.imdb.com/title/tt0096320/
902,Child 44,(2015),"
Crime, Drama, History            ",http://www.imdb.com/title/tt1014763/
903,The Black Dahlia,(2006),"
Crime, Drama, Mystery            ",http://www.imdb.com/title/tt0387877/
904,The Name of the Rose,(1986),"
Crime, Drama, Mystery            ",http://www.imdb.com/title/tt0091605/
905,John Q,(2002),"
Crime, Drama, Thriller            ",http://www.imdb.com/title/tt0251160/
906,The French Connection,(1971),"
Action, Crime, Drama            ",http://www.imdb.com/title/tt0067116/
907,American Gigolo,(1980),"
Crime, Drama, Mystery            ",http://www.imdb.com/title/tt0080365/
908,I Don't Feel at Home in This World Anymore.,(2017),"
Comedy, Crime, Drama            ",http://www.imdb.com/title/tt5710514/
909,Paradise PD,(2018– ),"
Animation, Comedy, Crime            ",http://www.imdb.com/title/tt8235236/
910,White Girl,(2016),"
Crime, Drama            ",http://www.imdb.com/title/tt4129870/
911,Phone Booth,(2002),"
Crime, Thriller            ",http://www.imdb.com/title/tt0183649/
912,State of Play,(2009),"
Crime, Drama, Mystery            ",http://www.imdb.com/title/tt0473705/
913,Baptiste,(2019– ),"
Crime, Drama, Thriller            ",http://www.imdb.com/title/tt8259142/
914,American Dreamer,(2018),"
Crime, Thriller            ",http://www.imdb.com/title/tt6769326/
915,J. Edgar,(2011),"
Biography, Crime, Drama            ",http://www.imdb.com/title/tt1616195/
916,Adam-12,(1968–1975),"
Comedy, Crime, Drama            ",http://www.imdb.com/title/tt0062539/
917,Harley Quinn,(2019– ),"
Animation, Action, Adventure            ",http://www.imdb.com/title/tt7658402/
918,Suburra: Blood on Rome,(2017–2019),"
Action, Crime            ",http://www.imdb.com/title/tt7197684/
919,"Roman J. Israel, Esq.",(2017),"
Crime, Drama, Thriller            ",http://www.imdb.com/title/tt6000478/
920,Black Sun,(2017– ),"
Crime, Drama, Thriller            ",http://www.imdb.com/title/tt6108262/
921,On the Waterfront,(1954),"
Crime, Drama, Thriller            ",http://www.imdb.com/title/tt0047296/
922,The Bay,(2019– ),"
Crime, Drama            ",http://www.imdb.com/title/tt8425404/
923,The Ladykillers,(2004),"
Comedy, Crime, Thriller            ",http://www.imdb.com/title/tt0335245/
924,Crank: High Voltage,(2009),"
Action, Crime, Thriller            ",http://www.imdb.com/title/tt1121931/
925,21 Grams,(2003),"
Crime, Drama, Thriller            ",http://www.imdb.com/title/tt0315733/
926,Judge Dredd,(1995),"
Action, Crime, Sci-Fi            ",http://www.imdb.com/title/tt0113492/
927,Get Hard,(2015),"
Comedy, Crime            ",http://www.imdb.com/title/tt2561572/
928,Wild Wild Country,(2018– ),"
Documentary, Crime            ",http://www.imdb.com/title/tt7768848/
929,Blue Ruin,(2013),"
Crime, Drama, Thriller            ",http://www.imdb.com/title/tt2359024/
930,Hawaii Five-O,(1968–1980),"
Crime, Drama, Mystery            ",http://www.imdb.com/title/tt0062568/
931,Double Jeopardy,(1999),"
Crime, Drama, Mystery            ",http://www.imdb.com/title/tt0150377/
932,Green Street Hooligans,(2005),"
Crime, Drama, Sport            ",http://www.imdb.com/title/tt0385002/
933,Mr. Brooks,(2007),"
Crime, Drama, Thriller            ",http://www.imdb.com/title/tt0780571/
934,Eve,(III),"
Action, Crime, Drama            ",http://www.imdb.com/title/tt8784956/
935,Strange Days,(1995),"
Action, Crime, Drama            ",http://www.imdb.com/title/tt0114558/
936,Glengarry Glen Ross,(1992),"
Crime, Drama, Mystery            ",http://www.imdb.com/title/tt0104348/
937,The Thin Man,(1934),"
Comedy, Crime, Mystery            ",http://www.imdb.com/title/tt0025878/
938,Breakdown,(I) (1997),"
Crime, Drama, Mystery            ",http://www.imdb.com/title/tt0118771/
939,Miami Vice,(2006),"
Action, Crime, Thriller            ",http://www.imdb.com/title/tt0430357/
940,RoboCop 2,(1990),"
Action, Crime, Sci-Fi            ",http://www.imdb.com/title/tt0100502/
941,Damsel,(I) (2018),"
Adventure, Comedy, Crime            ",http://www.imdb.com/title/tt5881528/
942,The Thomas Crown Affair,(1999),"
Crime, Romance, Thriller            ",http://www.imdb.com/title/tt0155267/
943,Le tueur du lac,(2017),"
Crime, Thriller            ",http://www.imdb.com/title/tt6284774/
944,Dogs of Berlin,(2018– ),"
Action, Crime, Drama            ",http://www.imdb.com/title/tt6839788/
945,Starsky and Hutch,(1975–1979),"
Action, Crime, Drama            ",http://www.imdb.com/title/tt0072567/
946,xXx: State of the Union,(2005),"
Action, Adventure, Crime            ",http://www.imdb.com/title/tt0329774/
947,Repo Men,(2010),"
Action, Adventure, Crime            ",http://www.imdb.com/title/tt1053424/
948,Big Eyes,(I) (2014),"
Biography, Crime, Drama            ",http://www.imdb.com/title/tt1126590/
949,Romeo Must Die,(2000),"
Action, Crime, Thriller            ",http://www.imdb.com/title/tt0165929/
950,Flashpoint,(2008–2012),"
Action, Crime, Drama            ",http://www.imdb.com/title/tt1059475/
951,I Am Wrath,(2016),"
Action, Crime, Drama            ",http://www.imdb.com/title/tt3212232/
952,Get Smart,(1965–1970),"
Action, Adventure, Comedy            ",http://www.imdb.com/title/tt0058805/
953,Secret in Their Eyes,(2015),"
Crime, Drama, Mystery            ",http://www.imdb.com/title/tt1741273/
954,Acts of Violence,(2018),"
Action, Crime, Drama            ",http://www.imdb.com/title/tt6684714/
955,Mannix,(1967–1975),"
Action, Crime, Drama            ",http://www.imdb.com/title/tt0061277/
956,Frantic,(1988),"
Crime, Drama, Mystery            ",http://www.imdb.com/title/tt0095174/
957,La chute de l'empire américain,(2018),"
Comedy, Crime            ",http://www.imdb.com/title/tt7231342/
958,The Gunman,(2015),"
Action, Crime, Drama            ",http://www.imdb.com/title/tt2515034/
959,Man on a Ledge,(2012),"
Action, Adventure, Crime            ",http://www.imdb.com/title/tt1568338/
960,Confessions of a Dangerous Mind,(2002),"
Biography, Comedy, Crime            ",http://www.imdb.com/title/tt0270288/
961,Lethal Weapon 2,(1989),"
Action, Crime, Thriller            ",http://www.imdb.com/title/tt0097733/
962,The Bone Collector,(1999),"
Crime, Drama, Mystery            ",http://www.imdb.com/title/tt0145681/
963,Untitled Joker/Harley Quinn Project,,"
Action, Adventure, Crime            ",http://www.imdb.com/title/tt7165358/
964,The Specialist,(1994),"
Action, Crime, Drama            ",http://www.imdb.com/title/tt0111255/
965,Içerde,(2016–2017),"
Action, Crime, Drama            ",http://www.imdb.com/title/tt6051216/
966,The Dead Pool,(1988),"
Action, Crime, Mystery            ",http://www.imdb.com/title/tt0094963/
967,Private Property,(1960),"
Crime, Drama            ",http://www.imdb.com/title/tt0054209/
968,Homicide Hunter: Lt. Joe Kenda,(2011– ),"
Documentary, Crime            ",http://www.imdb.com/title/tt1934673/
969,The Green Hornet,(2011),"
Action, Comedy, Crime            ",http://www.imdb.com/title/tt0990407/
970,Hart to Hart,(1979–1984),"
Action, Adventure, Crime            ",http://www.imdb.com/title/tt0078622/
971,Sabotage,(2014),"
Action, Crime, Drama            ",http://www.imdb.com/title/tt1742334/
972,Intruder in the Dust,(1949),"
Crime, Drama            ",http://www.imdb.com/title/tt0041513/
973,Æon Flux,(2005),"
Action, Adventure, Crime            ",http://www.imdb.com/title/tt0402022/
974,Date Night,(2010),"
Comedy, Crime, Romance            ",http://www.imdb.com/title/tt1279935/
975,Funny Games,(1997),"
Crime, Drama, Thriller            ",http://www.imdb.com/title/tt0119167/
976,Crossing Lines,(2013–2015),"
Action, Crime, Drama            ",http://www.imdb.com/title/tt2427220/
977,Infernal Affairs,(2002),"
Crime, Drama, Mystery            ",http://www.imdb.com/title/tt0338564/
978,The Bletchley Circle,(2012–2014),"
Crime, Drama, Mystery            ",http://www.imdb.com/title/tt2275990/
979,Drishyam,(2015),"
Crime, Drama, Mystery            ",http://www.imdb.com/title/tt4430212/
980,Proven Innocent,(2019),"
Crime, Drama, Mystery            ",http://www.imdb.com/title/tt7958782/
981,Paranoid,(2016),"
Crime, Drama, Mystery            ",http://www.imdb.com/title/tt5839454/
982,The Tunnel,(2013–2018),"
Crime, Drama, Mystery            ",http://www.imdb.com/title/tt2711738/
983,Professor T.,(2015– ),"
Crime, Drama            ",http://www.imdb.com/title/tt3823996/
984,Max Payne,(2008),"
Action, Crime, Drama            ",http://www.imdb.com/title/tt0467197/
985,The Brokenwood Mysteries,(2014– ),"
Crime, Drama, Mystery            ",http://www.imdb.com/title/tt3640276/
986,The Bling Ring,(2013),"
Biography, Crime, Drama            ",http://www.imdb.com/title/tt2132285/
987,Inspector George Gently,(2007–2017),"
Crime, Drama, Mystery            ",http://www.imdb.com/title/tt1430509/
988,Death Wish,(1974),"
Action, Crime, Drama            ",http://www.imdb.com/title/tt0071402/
989,Frailty,(2001),"
Crime, Drama, Thriller            ",http://www.imdb.com/title/tt0264616/
990,Serial Mom,(1994),"
Comedy, Crime, Thriller            ",http://www.imdb.com/title/tt0111127/
991,Frequency,(2000),"
Crime, Drama, Mystery            ",http://www.imdb.com/title/tt0186151/
992,Liar,(2017– ),"
Crime, Drama, Thriller            ",http://www.imdb.com/title/tt6021284/
993,Shades of Blue,(2016–2018),"
Crime, Drama            ",http://www.imdb.com/title/tt4118584/
994,Triple 9,(2016),"
Crime, Thriller            ",http://www.imdb.com/title/tt1712261/
995,Criminal Justice,(2019– ),"
Crime, Drama, Mystery            ",http://www.imdb.com/title/tt9095260/
996,American Pastoral,(2016),"
Crime, Drama            ",http://www.imdb.com/title/tt0376479/
997,Dancer in the Dark,(2000),"
Crime, Drama, Musical            ",http://www.imdb.com/title/tt0168629/
998,Money Monster,(2016),"
Crime, Drama, Thriller            ",http://www.imdb.com/title/tt2241351/
999,Renegade,(1992–1997),"
Action, Adventure, Crime            ",http://www.imdb.com/title/tt0103524/
